시군구명,시설명,시설주소,시설종류명(시설유형),정원(수용인원),현인원,X,Y
송파구,송파구방이복지관,서울특별시 송파구 백제고분로37길 4 (석촌동)(석촌동),(장애인) 장애인복지관,160.0,160.0,208651.96906081217,545105.8098333739
송파구,서울시각장애인복지관,서울특별시 송파구 삼학사로19길 27　,(장애인) 장애인복지관,0.0,0.0,208317.74240979837,545187.4109392836
동작구,서울시립발달장애인복지관,서울특별시 동작구 여의대방로20길 33-0395(보라매공원내),(장애인) 장애인복지관,752.0,752.0,192899.81259540585,543756.2357893371
강남구,청음복지관,서울특별시 강남구 봉은사로50길 6　,(장애인) 장애인복지관,,345.0,203745.06404180807,545548.855806653
마포구,마포장애인종합복지관,서울특별시 마포구 성산로4길 353층(마포장애인종합복지관)(성산동),(장애인) 장애인복지관,,3743.0,191966.14165143383,551578.632818147
노원구,다운복지관,서울특별시 노원구 화랑로478,(장애인) 장애인복지관,,414.0,207088.52492535577,557709.9623762729
중랑구,원광장애인종합복지관,서울특별시 중랑구 신내로 56-0(신내동),(장애인) 장애인복지관,500.0,645.0,208478.48182106798,556073.310077563
구로구,성프란치스꼬장애인종합복지관,서울특별시 구로구 남부순환로105라길 25-10,(장애인) 장애인복지관,452.0,700.0,190316.88151611897,542464.1983665512
강남구,성모자애복지관,서울특별시 강남구 헌릉로757길 35　,(장애인) 장애인복지관,300.0,300.0,210568.9483171037,541186.0524238386
노원구,대린원,서울특별시 노원구 동일로248길 30(상계1동),(장애인) 장애유형별거주시설,54.0,31.0,205015.56204986497,564547.0587318793
노원구,동천의집,서울특별시 노원구 노원로 18길 41 (하계동 288-1)(하계1동),(장애인) 장애유형별거주시설,70.0,64.0,206471.52777337804,560533.6658801083
양천구,누림홈,경기도 김포시 대곶면 율생중앙로 83 ,(장애인) 장애유형별거주시설,70.0,58.0,162976.5894435133,561784.4489130047
동작구,삼성농아원,서울특별시 동작구 양녕로30길 19-4(동작구),(장애인) 장애유형별거주시설,62.0,28.0,195218.82413478597,544407.7949282553
서초구,다니엘복지원,서울특별시 서초구 헌릉로468길 21-16  ,(장애인) 장애유형별거주시설,80.0,70.0,208142.37070066461,540115.6482698756
노원구,늘편한집,서울특별시 노원구 중계로 163(중계본동),(장애인) 중증장애인거주시설,45.0,39.0,207117.6880689067,561137.4152863285
송파구,임마누엘집,서울특별시 송파구 양산로10길 26,(장애인) 장애유형별거주시설,55.0,51.0,212971.7148107412,543567.1777736834
송파구,임마누엘보호작업시설,서울특별시 송파구 양산로10길 26,(장애인) 장애인보호작업장,40.0,40.0,212971.7148107412,543567.1777736834
강동구,아름해든집,"서울특별시 강동구 고덕로 295-45(고덕동,나동)",(장애인) 중증장애인거주시설,39.0,35.0,214026.12202356063,550916.8098483314
송파구,신아재활원,서울특별시 송파구 양산로8길 17,(장애인) 장애유형별거주시설,134.0,125.0,212876.43737443085,543570.7701313504
강동구,우성원,서울특별시 강동구 고덕로 295-45(고덕2동),(장애인) 장애유형별거주시설,86.0,74.0,214026.12202356063,550916.8098483314
양천구,해맑은마음터,경기도 김포시 대곶면 율생중앙로 89 ,(장애인) 중증장애인거주시설,77.0,69.0,162965.77763872387,561825.4536849429
용산구,영락애니아의집,서울특별시 용산구 후암로4길 70(후암동),(장애인) 중증장애인거주시설,30.0,30.0,198345.79987620626,549886.8819411768
은평구,사랑의집,서울특별시 은평구 역말로10길 30-1오병이어복지관 1층,(장애인) 장애인주간보호시설,10.0,16.0,193273.20290316927,556629.8571936077
강동구,암사재활원,서울특별시 강동구 올림픽로 864(암사3동),(장애인) 중증장애인거주시설,50.0,48.0,211594.44430682505,550964.235874441
종로구,문혜장애인요양원,강원도 철원군 갈말읍 텃골1길 13문혜장애인요양원 ,(장애인) 중증장애인거주시설,200.0,146.0,232101.48753009844,621002.4870445477
마포구,참 좋은집,충청북도 충주시 산척면 지속골길 71 ,(장애인) 중증장애인거주시설,30.0,30.0,286329.7017723697,496536.340386667
은평구,은평재활원,서울특별시 은평구 갈현로11길 30,(장애인) 장애유형별거주시설,50.0,50.0,191771.78005402477,556237.133218867
강남구,오틸리아 공동생활가정,서울특별시 강남구 학동로26길 15401호 (논현동),(장애인) 장애인공동생활가정,4.0,4.0,202584.68679314863,545692.9974666025
송파구,생수의집,경기 포천시 군내면청군로 2813-18(직두리 155-5),(장애인) 중증장애인거주시설,56.0,41.0,221836.0893470625,585214.2182485916
관악구,에스알씨(SRC)보듬터,경기도 광주시 경수길 25-0SRC보듬터,(장애인) 장애유형별거주시설,55.0,54.0,225401.7769878727,535656.6494235635
서초구,새빛바울의집,서울특별시 서초구 방배중앙로 99 (방배동)(방배동),(장애인) 장애유형별거주시설,33.0,24.0,198964.75507461204,543191.8007492564
은평구,바르티매오공동생활가정,서울특별시 은평구 불광로9가길 4302호 (불광동),(장애인) 장애인공동생활가정,4.0,4.0,193585.76921112207,556670.9973198352
종로구,은혜장애인요양원,강원 철원군 갈말읍 텃골1길 19호,(장애인) 중증장애인거주시설,228.0,160.0,232242.71273672694,621300.3221242815
중랑구,동천하우스5,서울특별시 중랑구 동일로104길 3-3301호,(장애인) 장애인공동생활가정,4.0,4.0,207104.48715785478,554504.7213623512
강서구,교남소망의집,서울특별시 강서구 까치산로22길 38-0,(장애인) 장애유형별거주시설,58.0,57.0,186965.35398690053,549855.9878650167
노원구,베데스다의 집,"서울특별시 노원구 중계로8길 39-0211동110호(중계동,현대그린아파트)",(장애인) 장애인공동생활가정,4.0,4.0,207455.0312791864,560819.0267741141
노원구,베데스다장애인주간보호센터,서울특별시 노원구 공릉로58마길 27나눔아트센터 2층 (하계동),(장애인) 장애인주간보호시설,15.0,17.0,206853.84844557883,559648.3971514218
중랑구,아름다운,서울특별시 중랑구 망우로55길 32한국프라우드아파트 103호,(장애인) 장애인보호작업장,30.0,31.0,208291.65397685827,555487.7868198894
서초구,신망애의집,서울특별시 서초구 남부순환로342길 56-58  ,(장애인) 장애인단기거주시설,17.0,10.0,202154.2302436759,542177.452007397
마포구,마리스타보호작업장,충청북도 충주시 지속골길 71,(장애인) 장애인보호작업장,30.0,32.0,286329.7017723697,496536.340386667
강북구,강북구립장애인보호작업장,서울특별시 강북구 오현로 199-9 (번동),(장애인) 장애인보호작업장,32.0,30.0,203486.495136431,558866.8040982429
영등포구,한사랑장애영아원,경기도 광주시 초월읍 산수로554번길 59-14 ,(장애인) 장애영유아거주시설,65.0,50.0,227811.4613364102,534729.2533048503
용산구,용산구립장애인보호작업장,서울특별시 용산구 한강대로 3311~2층,(장애인) 장애인보호작업장,50.0,31.0,197607.26669948673,550239.3488049451
서초구,다니엘의집1호,서울특별시 서초구 염곡안길 19201호,(장애인) 장애인공동생활가정,4.0,4.0,204684.81149889412,540456.2128999047
서초구,다니엘의집2호,서울특별시 서초구 염곡안길 19-0302호,(장애인) 장애인공동생활가정,4.0,4.0,204559.39075056772,540324.9796278132
서초구,다니엘주간보호센터,서울특별시 서초구 헌릉로468길 21-16(내곡동),(장애인) 장애인주간보호시설,12.0,12.0,208142.37070066461,540115.6482698756
서초구,다니엘단기보호센터,서울특별시 서초구 헌릉로468길 21-16(내곡동),(장애인) 장애인단기거주시설,10.0,11.0,208142.37070066461,540115.6482698756
송파구,사랑나눔주간보호시설,서울특별시 송파구 마천로51길 283층,(장애인) 장애인주간보호시설,10.0,10.0,211404.4756249517,545321.3351122099
서초구,다니엘직업재활원,서울특별시 서초구 헌릉로468길 21-16,(장애인) 장애인근로사업장,60.0,45.0,208142.37070066461,540115.6482698756
노원구,동천,서울특별시 노원구 노원로18길 41하계동,(장애인) 장애인근로사업장,50.0,45.0,206471.52777337804,560533.6658801083
노원구,노원교육복지재단(다모인),서울특별시 노원구 노원로 311중계제1공단 301호,(장애인) 장애인보호작업장,0.0,69.0,206228.05608396477,560584.2681030906
영등포구,영등포구 장애인사랑나눔의 집,서울특별시 영등포구 신길로 55,(장애인) (기타)장애인복지시설,300.0,300.0,191864.40638767992,544235.8262452409
중랑구,원광보호작업장,서울특별시 중랑구 신내로 56마동,(장애인) 장애인보호작업장,46.0,46.0,208478.48182106798,556073.310077563
중랑구,참좋은센터,서울특별시 중랑구 봉화산로56길 99-15(신내동),(장애인) 장애인보호작업장,30.0,30.0,208676.38584951844,556089.8524174852
송파구,신아보호작업장,서울특별시 송파구 양산로8길 17신아보호작업장,(장애인) 장애인보호작업장,60.0,65.0,212876.43737443085,543570.7701313504
강서구,늘푸른나무복지관,서울특별시 강서구 허준로5길 37  -0,(장애인) 장애인복지관,,500.0,186849.55029055418,552123.89872389
중랑구,조은세상,"서울특별시 중랑구 동일로140길 31-21(2층,3층)",(장애인) 장애인보호작업장,30.0,30.0,207130.81295564317,556119.73352559
노원구,서울시립북부장애인종합복지관,"서울특별시 노원구 덕릉로70가길 92(상계6,7동 771번지)(상계동)",(장애인) 장애인복지관,0.0,969.0,205906.97059190826,561694.919974473
동작구,서울시립남부장애인종합복지관,서울특별시 동작구 신대방2동395 보라매공원내,(장애인) 장애인복지관,0.0,808.0,193150.81820892176,543923.2829313437
금천구,금천장애인종합복지관,서울특별시 금천구 시흥대로101길 17,(장애인) 장애인복지관,0.0,227.0,190828.41536570492,540510.6306337563
영등포구,한사랑마을,경기도 광주시 산수로554번길 59-14(영등포구),(장애인) 중증장애인거주시설,80.0,80.0,227811.4613364102,534729.2533048503
금천구,볕바라기주간보호센터,서울특별시 금천구 금하로18길 8-1 (시흥동),(장애인) 장애인주간보호시설,10.0,10.0,191597.51825591587,539208.870360285
동대문구,데일리스보호작업시설,서울특별시 동대문구 천호대로83길 14장안동,(장애인) 장애인보호작업장,24.0,21.0,205721.693457808,551477.8492488725
강북구,북서울장애인보호작업시설,서울특별시 강북구 한천로115길 20-0501동 2층,(장애인) 장애인보호작업장,32.0,32.0,203196.77653773697,559275.7835445942
강북구,소망의집,"서울특별시 강북구 인수봉로64길 30302호,303호(수유동)",(장애인) 장애인공동생활가정,4.0,4.0,201301.82672792676,559991.2074128848
동작구,삼성떡프린스,서울특별시 동작구 양녕로30길 19-4      ,(장애인) 장애인보호작업장,30.0,30.0,195218.82413478597,544407.7949282553
노원구,더홈,서울특별시 노원구 중계로 163-0(중계본동),(장애인) 장애유형별거주시설,40.0,36.0,207117.6880689067,561137.4152863285
은평구,서울특별시립평화로운집,서울특별시 은평구 갈현로 15길 27-1 (구산동 산61-8번지),(장애인) 중증장애인거주시설,150.0,145.0,191757.05790404556,556359.0472662349
강서구,교남어유지동산,"경기도 파주시 적성면 어못내길 94-44(적성면, 교남어유지동산) ",(장애인) 장애인근로사업장,60.0,34.0,199033.63827783221,599829.1780668452
강동구,주몽재활원,서울특별시 강동구 상암로 369-0(상일동),(장애인) 장애유형별거주시설,60.0,42.0,214460.54855805004,549643.8512172834
강남구,소망제이앤피,서울특별시 강남구 언주로167길 351층,(장애인) 장애인보호작업장,30.0,30.0,202718.47283154682,547424.7321376223
은평구,다움장애아동지원센터,서울특별시 은평구 갈현로11길 30은평기쁨의집,(장애인) 장애유형별거주시설,50.0,43.0,191810.2734762434,556267.0954798631
노원구,보담터,서울특별시 노원구 중계로 163-0보담터,(장애인) 장애인보호작업장,25.0,20.0,207117.6880689067,561137.4152863285
서대문구,시립서대문농아인복지관,서울특별시 서대문구 수색로4가길 23(남가좌동),(장애인) 장애인복지관,398.0,329.0,192388.7637203788,552357.1181669687
성북구,승가원행복마을,서울특별시 성북구 개운사길 76-1(안암동),(장애인) 중증장애인거주시설,55.0,53.0,202622.26817539698,554492.4708556177
강동구,라온클린패밀리,서울특별시 강동구 고덕로 295-45(고덕동),(장애인) 장애인보호작업장,0.0,26.0,214026.12202356063,550916.8098483314
용산구,용산구립장애인주간보호센터,서울특별시 용산구 한강대로 3313층,(장애인) 장애인주간보호시설,12.0,11.0,197607.26669948673,550239.3488049451
영등포구,송천한마음의집,경기도 남양주시 수동면 비룡로1742번길 95 ,(장애인) 중증장애인거주시설,60.0,50.0,225582.96424045757,574354.8588210914
관악구,두레네집공동생활가정,서울특별시 관악구 법원단지길 97-3,(장애인) 장애인공동생활가정,4.0,4.0,193121.69216547735,541710.9727206144
중랑구,중랑구립직업재활센터,서울특별시 중랑구 숙선옹주로9길 55(묵동),(장애인) 장애인보호작업장,50.0,43.0,207389.1814411387,557529.811769767
송파구,송파인성장애인복지관,서울특별시 송파구 마천로61길 26송파인성장애인복지관,(장애인) 장애인복지관,0.0,0.0,213722.67509519728,543836.216328504
서초구,사랑의복지관,서울특별시 서초구 강남대로 65길 19  ,(장애인) 장애인복지관,,237.0,202121.4186263186,544489.56599351
성북구,성북장애인복지관,서울특별시 성북구 화랑로 130　,(장애인) 장애인복지관,,280.0,204029.8497856712,556104.6163144886
강북구,한빛맹아원,서울특별시 강북구 삼양로73가길 47삼양로73가길 47,(장애인) 장애유형별거주시설,60.0,48.0,201385.57797528277,558720.5569916725
금천구,하누리주간보호센터,서울특별시 금천구 시흥대로2길57 (시흥동),(장애인) 장애인주간보호시설,18.0,15.0,191718.5614290371,537319.732085277
강북구,헬렌켈러의집단기거주시설,"서울특별시 강북구 삼양로91가길 8 (수유동, js홈타운) 2동 302, 401, 402호",(장애인) 장애인단기거주시설,10.0,10.0,201397.30184130045,559656.1341434178
강북구,헬렌켈러의집주간보호,서울특별시 강북구 삼양로80길 73층,(장애인) 장애인주간보호시설,10.0,11.0,201924.4224553732,559133.2902834235
서초구,다니엘사랑이용센터,서울특별시 서초구 헌릉로468길 21-16 (내곡동)(내곡동),(장애인) 장애인주간보호시설,10.0,10.0,208142.37070066461,540115.6482698756
서초구,다니엘의집3호,"서울특별시 서초구 신반포로43길 154층401호 (잠원동, 동양텔)(잠원동, 동양텔)",(장애인) 장애인공동생활가정,4.0,4.0,201529.30249769002,545743.5353790065
서대문구,다솜장애인공동생활가정,서울특별시 서대문구 가재울로6길 16101동 301호 (남가좌동),(장애인) 장애인공동생활가정,4.0,4.0,193180.0357405951,552680.8941551619
서대문구,아이티장애인공동생활가정,"서울특별시 서대문구 연희로41길 61-061  가동 201호,302호",(장애인) 장애인공동생활가정,4.0,4.0,194253.4992908453,554631.6285034001
서대문구,다솜장애인주간보호센터,서울특별시 서대문구 증가로4길 531층,(장애인) 장애인주간보호시설,15.0,15.0,193610.36770924335,553104.572384063
양천구,신목장애인주간보호시설,서울특별시 양천구 신목로 5(신정2동1278-1),(장애인) 장애인주간보호시설,20.0,20.0,189086.731862442,546391.1287854445
강북구,디딤자리,서울특별시 강북구 덕릉로12길 13(수유동),(장애인) 장애영유아거주시설,30.0,29.0,201441.15042629646,559307.2347994281
강동구,너울자리,서울특별시 강동구 동남로85길 153층,(장애인) 장애인공동생활가정,4.0,4.0,213602.4971877893,551312.1789869557
강동구,보금자리,서울특별시 강동구 동남로85길 154층,(장애인) 장애인공동생활가정,4.0,3.0,213602.4971877893,551312.1789869557
강동구,하늘자리공동생활가정,서울특별시 강동구 동남로85길 152층,(장애인) 장애인공동생활가정,4.0,4.0,213602.4971877893,551312.1789869557
도봉구,주바라기해피홈,서울특별시 도봉구 도봉로169가길 45도봉동,(장애인) 장애인주간보호시설,20.0,20.0,203811.8823153559,564698.3288835813
노원구,동천하우스1,서울특별시 노원구 동일로237바길 8301호 (상계동),(장애인) 장애인공동생활가정,4.0,4.0,204492.81761035757,563831.7023588236
노원구,동천하우스2,서울특별시 노원구 한글비석로24바길 98지성리치빌 201호,(장애인) 장애인공동생활가정,4.0,4.0,206166.76451729733,563010.3982545328
노원구,해맑음보호작업시설,서울특별시 노원구 동일로 1097(공릉동),(장애인) 장애인보호작업장,30.0,30.0,208031.8470560382,558988.9006856988
강북구,강북구수어통역센터,"서울특별시 강북구 도봉로 3885층 (번동,테마빌딩)",(장애인) 수화통역센터,46.0,7115.0,202617.46507024136,560190.7563690895
노원구,그루터기공동생활가정,서울특별시 노원구 동일로191가길 26-0남청파인힐 101동 203호,(장애인) 장애인공동생활가정,4.0,4.0,206309.14149238027,558525.4820546833
관악구,관악구수어통역센터,서울특별시 관악구 쑥고개로 128관악구 장애인 행복센터2층,(장애인) 수화통역센터,44.0,100.0,195637.60922641773,542140.5027025338
도봉구,도봉구수어통역센터,서울특별시 도봉구 마들로13길 153옥산빌딩 4층 (창동),(장애인) 수화통역센터,0.0,0.0,204076.2754937084,561941.4234393394
도봉구,동천하우스4,서울특별시 도봉구 도봉로137길 462층(쌍문동),(장애인) 장애인공동생활가정,4.0,4.0,203526.71958726997,562309.2695121471
도봉구,동천하우스3,서울특별시 도봉구 시루봉로23길 64301호,(장애인) 장애인공동생활가정,4.0,4.0,203650.03736256956,563790.7759912399
서대문구,서울특별시수어통역센터지원본부,서울특별시 서대문구 경기대로 15엘림넷빌딩 3층 (충정로3가),(장애인) 수화통역센터,160.0,243.0,196616.89394446605,551255.944742205
도봉구,인강원,서울특별시 도봉구 평화로15번길 9-25(도봉구),(장애인) 장애유형별거주시설,25.0,22.0,203741.3979285346,566110.7410844362
노원구,가브리엘작업장,서울특별시 노원구 한글비석로24라길 94-13,(장애인) 장애인보호작업장,30.0,20.0,206154.97368808015,562979.5230824049
노원구,가브리엘주간보호센터,서울특별시 노원구 한글비석로24라길 94-13 (상계동),(장애인) 장애인주간보호시설,0.0,11.0,206154.97368808015,562979.5230824049
종로구,더해봄(종로구립장애인근로사업장),서울특별시 종로구 대학로3길 141층 (효제동),(장애인) 장애인근로사업장,47.0,44.0,200159.87078554148,552441.3889371083
노원구,발달장애인단기거주시설 동천휴,서울특별시 노원구 노원로18길 41하계동,(장애인) 장애인단기거주시설,10.0,10.0,206471.52777337804,560533.6658801083
노원구,동천발달장애인주간활동센터,서울특별시 노원구 노원로18길 41(하계동),(장애인) 장애인주간보호시설,25.0,19.0,206471.52777337804,560533.6658801083
노원구,섬김주간보호센터,서울특별시 노원구 덕릉로70가길 92서울특별시립북부장애인복지관내 1층,(장애인) 장애인주간보호시설,0.0,13.0,205009.5387691672,560303.4915635223
노원구,북부장애인직업재활시설,서울특별시 노원구 덕릉로70가길 92 (상계동),(장애인) 장애인보호작업장,0.0,40.0,205009.5387691672,560303.4915635223
노원구,대린직업훈련원,서울특별시 노원구 동일로248길 30상계동,(장애인) 장애인직업적응훈련시설,30.0,32.0,205015.56204986497,564547.0587318793
은평구,위드주간보호센터,서울특별시 은평구 갈현로15길 11-131층,(장애인) 장애인주간보호시설,10.0,13.0,192009.76986472882,556440.2770229676
은평구,시온공동생활가정,서울특별시 은평구 갈현로15길 24-5301호,(장애인) 장애인공동생활가정,4.0,4.0,191899.88132104426,556493.5696921562
은평구,은평공동생활가정,서울특별시 은평구 증산로19길 28-82층,(장애인) 장애인공동생활가정,4.0,4.0,192192.6422167514,555105.3924827123
관악구,꽃새암,서울특별시 관악구 봉천로13길 29-28201호,(장애인) 장애인공동생활가정,4.0,3.0,193852.18628047034,543442.1950587782
관악구,꽃가람,서울특별시 관악구 국회단지21길 13301호,(장애인) 장애인공동생활가정,4.0,2.0,194814.97541997783,543420.5521383394
강동구,소망그룹홈,서울특별시 강동구 양재대로91나길 37301호,(장애인) 장애인공동생활가정,4.0,4.0,211633.4588928566,547450.8613696866
송파구,동안제일복지센터,서울특별시 송파구 거마로 792층 (마천동),(장애인) 장애인보호작업장,30.0,30.0,213012.01218171488,544202.5985407856
강동구,강동그룹홈,서울특별시 강동구 양재대로 1414-8301호,(장애인) 장애인공동생활가정,4.0,4.0,212226.4300970534,548079.5930060478
송파구,송파그룹홈,서울특별시 송파구 토성로5길 16-1201호,(장애인) 장애인공동생활가정,4.0,4.0,210072.79868501908,548037.7587986172
강동구,동안우리복지센터,서울특별시 강동구 풍성로 1462층 (성내동),(장애인) 장애인보호작업장,0.0,33.0,211672.9249541987,547867.8426036914
구로구,사회복지법인 에덴복지재단 에덴하우스,경기도 파주시 소라지로195번길 47-30(신촌동),(장애인) 장애인근로사업장,90.0,90.0,172935.2636851081,570952.7262008631
강동구,해피죤,서울특별시 강동구 상암로 195에이플러스 5층 502호,(장애인) 장애인주간보호시설,15.0,15.0,212741.71308313435,549693.8124145465
은평구,바오로교실주간보호센터,서울특별시 은평구 증산로5길 7 (증산동),(장애인) 장애인주간보호시설,12.0,12.0,191569.07988223486,554259.5459207938
은평구,바오로교실보호작업장,서울특별시 은평구 증산로5길 7 (증산동),(장애인) 장애인보호작업장,30.0,29.0,191569.07988223486,554259.5459207938
강서구,열림일터,서울특별시 강서구 까치산로 136,(장애인) 장애인보호작업장,40.0,43.0,186887.68361515738,550005.3227967832
노원구,아람마을,서울특별시 노원구 월계로 338-16,(장애인) 장애인보호작업장,30.0,30.0,205134.05988895576,558796.1619227958
은평구,은평구립직업재활센터,서울특별시 은평구 녹번로1길 131층 (녹번동)(녹번동),(장애인) 장애인보호작업장,22.0,30.0,193547.30621841692,556170.2885203639
은평구,불광작은예수의집,서울특별시 은평구 연서로37길 21-5,(장애인) 장애인단기거주시설,10.0,10.0,193480.13242410313,558198.1263499672
성북구,성북구수어통역센터,서울특별시 성북구 아리랑로4길 22201호 (동선동4가),(장애인) 수화통역센터,35.0,6707.0,201612.26429122832,555098.2340610141
강동구,아이비주간보호시설,서울특별시 강동구 천중로 874층 (천호동),(장애인) 장애인주간보호시설,10.0,10.0,211979.48377884578,549305.718096812
강동구,아이비장애인단기보호시설,서울특별시 강동구 구천면로39길 122층 (천호동),(장애인) 장애인단기거주시설,10.0,10.0,211653.88054763072,549585.9552451582
강동구,파란마음복지센터,서울특별시 강동구 진황도로 100하이브 313호~316호,(장애인) 장애인보호작업장,0.0,31.0,212134.7793155986,548462.0343276194
관악구,함께사는세상,서울특별시 관악구 국회단지길 671층,(장애인) 장애인보호작업장,30.0,25.0,194776.02639546583,543291.5320171574
마포구,한벗둥지,서울특별시 마포구 월드컵북로12길 98 (성산동),(장애인) 장애인단기거주시설,10.0,10.0,192219.867753161,551749.9570466318
노원구,사랑샘,서울특별시 노원구 중계로 163천애재활원 1층 ,(장애인) 장애인단기거주시설,10.0,10.0,207117.6880689067,561137.4152863285
양천구,하은장애인주간보호시설,서울특별시 양천구 신목로 203층,(장애인) 장애인주간보호시설,10.0,11.0,188965.254017965,546784.5405170604
금천구,기쁨이 싹트는 나무,서울특별시 금천구 시흥대로80길 19-11,(장애인) 장애인공동생활가정,4.0,4.0,191238.04221797019,540007.7318674464
구로구,신나는 집 장애인공동생활가정,서울특별시 구로구 고척로52라길 19-7201호 (개봉동),(장애인) 장애인공동생활가정,4.0,4.0,187107.64301898106,544654.7636161724
중구,제4샬롬장애인공동생활가정,서울특별시 중구 동호로15가길 373층 (신당동),(장애인) 장애인공동생활가정,4.0,3.0,200659.3983802635,550621.4396804046
구로구,예은장애인주간보호시설,서울특별시 구로구 부일로15길 25-5금강빌딩 4층,(장애인) 장애인주간보호시설,10.0,14.0,185245.54712533797,543844.3851385817
양천구,예은장애인공동생활가정,"서울특별시 양천구 오목로46길 17202호 (신정동)(신정동, 예미담)",(장애인) 장애인공동생활가정,4.0,4.0,187791.4782319399,547189.3550188137
양천구,다은장애인공동생활가정,서울특별시 양천구 목동중앙서로9길 20-0한강베스트빌401호,(장애인) 장애인공동생활가정,4.0,3.0,188221.3110515802,548213.408437101
강동구,강동단기보호시설,서울특별시 강동구 구천면로 2222층 (천호동)(천호동),(장애인) 장애인단기거주시설,10.0,10.0,211278.1935457152,549437.0123308052
노원구,성민장애인주간보호소,서울특별시 노원구 노원로32길 42-20,(장애인) 장애인주간보호시설,0.0,15.0,206146.2604357113,561750.9666110391
구로구,라온채,서울특별시 구로구 고척로12길 15-4 (오류동),(장애인) 장애인단기거주시설,10.0,10.0,186141.05231806808,544475.11903759
성북구,해피워크,서울특별시 성북구 오패산로 21-04층,(장애인) 장애인보호작업장,30.0,29.0,203220.07357168317,556109.8561213146
강동구,아이티어빌리티센터,서울특별시 강동구 고덕로 106301호 (암사동),(장애인) 장애인보호작업장,0.0,26.0,213647.14409637422,550741.0829830231
은평구,기원주간보호센터,서울특별시 은평구 통일로87길 6-19,(장애인) 장애인주간보호시설,10.0,10.0,192833.93880614798,558256.1969821338
은평구,한마음 주간보호센터,서울특별시 은평구 연서로17길 473층,(장애인) 장애인주간보호시설,10.0,13.0,192562.72579609233,555676.3793655774
동대문구,하늘꿈터,서울특별시 동대문구 사가정로25길 294층 (장안동),(장애인) 장애인단기거주시설,15.0,10.0,204445.4234031342,552483.1106927138
용산구,용산구수어통역센터,서울특별시 용산구 서빙고로 245 (서빙고동),(장애인) 수화통역센터,150.0,5389.0,199211.1069813451,546777.9784754061
영등포구,시립영등포장애인복지관,서울특별시 영등포구 버드나루로 22(영등포동2가),(장애인) 장애인복지관,,698.0,192553.47722372622,546558.5451399378
노원구,다운주간보호센터,서울특별시 노원구 화랑로 478,(장애인) 장애인주간보호시설,15.0,16.0,207088.52492535577,557709.9623762729
영등포구,모랫말꿈터,서울특별시 영등포구 도영로 37 (도림동),(장애인) 장애인주간보호시설,12.0,19.0,190899.63677452583,545612.7678735564
강동구,강동그린나래복지센터,서울특별시 강동구 고덕로 100-5(암사동),(장애인) 장애인보호작업장,0.0,29.0,212065.94645342923,550543.0516546976
송파구,새생명의집,경기도 이천시 공원로 288-70(모가면 원두리 371),(장애인) 중증장애인거주시설,60.0,50.0,241577.878734436,509030.8033990043
영등포구,성프란치스꼬민들레의집,"서울특별시 영등포구 도신로 146-3, 1층(신길동)101,102호",(장애인) 장애인공동생활가정,6.0,6.0,191859.17485550343,545531.818312122
구로구,햇살터(성프란치스꼬),서울특별시 구로구 남부순환로105라길 25-103층,(장애인) 장애인주간보호시설,12.0,12.0,190292.81751865233,542375.3036876833
송파구,한마음2호공동생활가정,서울특별시 송파구 위례성대로8길 46301호,(장애인) 장애인공동생활가정,4.0,4.0,210451.05741814376,545841.8016335368
금천구,SG누리센터,서울특별시 금천구 시흥대로 182-0 3층 ,(장애인) 장애인단기거주시설,10.0,10.0,191392.71187674737,538988.5051638439
노원구,노원1장애인주간보호센터,"서울특별시 노원구 월계로 372단지 내 복지관 2층 (월계동, 월계사슴1단지아파트)",(장애인) 장애인주간보호시설,14.0,14.0,205341.3040726671,558939.5582523673
강북구,다사랑공동생활가정,서울특별시 강북구 노해로7길 42-5 (수유동)(수유동),(장애인) 장애인공동생활가정,5.0,4.0,201791.31362674356,559817.7665014773
강북구,다향공동생활가정,"서울특별시 강서구 양천로 595101동 1102호 (염창동, 염창금호타운아파트)(염창동, 염창금호타운아파트)",(장애인) 장애인공동생활가정,5.0,4.0,188080.96130568397,550757.02493769
관악구,나자로의집보호작업장,서울특별시 관악구 남부순환로194길 811층,(장애인) 장애인보호작업장,25.0,29.0,194214.39957792443,542542.2982359731
노원구,북부(종합사회복지관)장애인주간보호센터,"서울특별시 노원구 동일로245길 56상계1동 1257번지 (상계동, 북부종합사회복지관)",(장애인) 장애인주간보호시설,15.0,15.0,204607.9795704181,564433.444769953
관악구,실로암장애인근로사업장,서울특별시 관악구 남부순환로 1717 (봉천동),(장애인) 장애인근로사업장,105.0,78.0,194795.13466724256,542621.3149627155
강동구,성분도보호작업장,경기도 광주시 국사봉로 159-10,(장애인) 장애인보호작업장,0.0,31.0,231091.8686796904,524238.2327415054
노원구,중계1호,"서울특별시 노원구 노원로19길 31410동 108호 (중계동, 목화아파트)",(장애인) 장애인공동생활가정,4.0,4.0,206164.4676183605,560396.1815356815
노원구,중계2호그룹홈,"서울특별시 노원구 노원로19길 31412동 105호 (중계동, 목화아파트 4단지)",(장애인) 장애인공동생활가정,4.0,4.0,206161.7642019414,560435.4810190004
노원구,상계(종합사회복지관)장애인주간보호센터,서울특별시 노원구 덕릉로115나길 25상계종합사회복지관 3층 장애인주간보호센터,(장애인) 장애인주간보호시설,0.0,16.0,206912.2790312113,563135.9737567421
노원구,평화장애인주간활동센터,"서울특별시 노원구 노원로 331평화종합사회복지관 내 (중계동, 시영3단지목련아파트)",(장애인) 장애인주간보호시설,15.0,13.0,206104.44622241607,560764.8120419875
영등포구,영등포구주간보호센터,서울특별시 영등포구 신길로 553층,(장애인) 장애인주간보호시설,15.0,14.0,192042.00596128224,545030.9443905181
관악구,에스알씨(SRC)직업재활센터,"경기도 성남시 중원구 둔촌대로 545-0한라시그마밸리 1006호, 1007호",(장애인) 장애인보호작업장,,36.0,215699.01282666097,536969.987800229
은평구,임마누엘신사공동체,서울특별시 은평구 갈현로2가길 13402호,(장애인) 장애인공동생활가정,4.0,4.0,192147.14865666543,555567.8822388219
은평구,임마누엘역촌공동체,서울특별시 은평구 진흥로1길 13-19,(장애인) 장애인공동생활가정,4.0,4.0,192703.15108923658,555756.5773886144
동작구,서울남부주간보호센터,서울특별시 동작구 여의대방로20길 33보라매공원 내 (신대방동),(장애인) 장애인주간보호시설,15.0,14.0,192899.81259540585,543756.2357893371
영등포구,남부장애인공동생활가정1호,"서울특별시 영등포구 도신로48길 9-13501호 (신길동, 다인주택)",(장애인) 장애인공동생활가정,4.0,4.0,192325.81054378639,545666.8015598437
영등포구,남부장애인공동생활가정2호,서울특별시 영등포구 영신로17길 16-016(영등포동 401호),(장애인) 장애인공동생활가정,4.0,2.0,191746.34933890926,546004.5804112907
양천구,한빛장애인주간보호센터,서울특별시 양천구 신월로11길 16.,(장애인) 장애인주간보호시설,13.0,13.0,185875.92519531256,546631.9326203506
금천구,관음의 집,서울특별시 금천구 독산로14길 13201호,(장애인) 장애인공동생활가정,4.0,2.0,191814.97148709695,539209.1423701703
금천구,지장의 집,서울특별시 금천구 독산로14길 13301호,(장애인) 장애인공동생활가정,4.0,4.0,191814.97148709695,539209.1423701703
노원구,노원시각장애인주간보호센터,서울특별시 노원구 상계로23길 42 (상계동),(장애인) 장애인주간보호시설,15.0,12.0,205975.4812035093,562233.8703882372
중랑구,원광장애인주간보호시설,서울특별시 중랑구 신내로 56 (신내동),(장애인) 장애인주간보호시설,12.0,12.0,208478.48182106798,556073.310077563
동작구,보라매주간보호센터,서울특별시 동작구 여의대방로20길 33보라매공원 내 (신대방동),(장애인) 장애인주간보호시설,10.0,11.0,192899.81259540585,543756.2357893371
은평구,정겨우리주간보호센터,서울특별시 은평구 갈현로11길 30 (구산동),(장애인) 장애인주간보호시설,15.0,12.0,192169.36239288645,556778.4864932913
광진구,정립회관주간보호센터,서울특별시 광진구 워커힐로 93 정립회관 내 ,(장애인) 장애인주간보호시설,12.0,12.0,208627.92921028627,550146.9806368324
강서구,강서구수어통역센터,"서울특별시 강서구 발산로 404층 7~8호,419호~421호(서울농수산식품공사강서지사) (외발산동)",(장애인) 수화통역센터,44.0,6252.0,184101.52920953964,550430.6010595841
구로구,구로구수어통역센터,서울특별시 구로구 가마산로 2724층 (구로동),(장애인) 수화통역센터,48.0,48.0,189725.67151825107,543595.5314765207
송파구,삼전주간보호시설,서울특별시 송파구 백제고분로32길 35삼전종합복지관 3층 삼전주간보호시설,(장애인) 장애인주간보호시설,15.0,15.0,208399.85162803356,544421.392902574
구로구,브니엘의 집,서울특별시 구로구 구로중앙로21길 22-1,(장애인) 장애유형별거주시설,25.0,13.0,189995.4848820479,544086.1433709722
노원구,이수경하우스,서울특별시 노원구 덕릉로122길 15-4202호 (상계동),(장애인) 장애인공동생활가정,4.0,4.0,207158.640949485,563262.6789557268
송파구,송파시각장애인축구장,서울특별시 송파구 올림픽로 474,(장애인) 장애인체육시설,0.0,0.0,210388.61133711433,547258.1362848975
송파구,송파구장애인운전교육원,서울특별시 송파구 삼학사로2길 49 (가락동),(장애인) 장애인수련시설,0.0,0.0,208890.85873205322,544138.7413795459
금천구,임마누엘시흥공동체,서울특별시 금천구 독산로50마길 19-10성은빌라 201호 (시흥동),(장애인) 장애인공동생활가정,4.0,4.0,192209.30714769938,540211.2043897163
금천구,임마누엘독산공동체,"서울특별시 금천구 시흥대로118길 44302호 (독산동, 정우파크빌라)",(장애인) 장애인공동생활가정,4.0,4.0,191159.2756779642,540992.975842526
양천구,임마누엘신월공동체,"서울특별시 양천구 오목로11길 9나동 501호 (신월동, 우정쉐르빌)",(장애인) 장애인공동생활가정,4.0,4.0,186264.65451017825,547147.1752563845
양천구,임마누엘신정공동체,"서울특별시 양천구 오목로 148-34301호 (신정동, 오성이지빌)",(장애인) 장애인공동생활가정,4.0,3.0,-4300055.685762217,9751509.766968498
구로구,임마누엘개봉공동체,"서울특별시 구로구 고척로16가길 35102호 (개봉동, 선경빌라)",(장애인) 장애인공동생활가정,4.0,4.0,186283.74209081594,544397.8240768843
구로구,임마누엘구로공동체,"서울특별시 구로구 오리로22가길 38-6201호 (궁동, 호수빌라트)",(장애인) 장애인공동생활가정,4.0,4.0,184973.9112509975,544517.5105903868
강서구,임마누엘화곡1공동체,서울특별시 강서구 등촌로13다길 22-7 (화곡동),(장애인) 장애인공동생활가정,4.0,4.0,187552.86748178364,548458.6338321533
강서구,임마누엘화곡공동체,"서울특별시 강서구 강서로10길 108301호 (화곡동, 소망빌라)",(장애인) 장애인공동생활가정,4.0,4.0,187075.14165669514,547928.3074715735
강서구,임마누엘등촌1공동체,"서울특별시 강서구 화곡로66길 145-15A동 201호 (등촌동, 원상하이빌)",(장애인) 장애인공동생활가정,4.0,4.0,187718.0320359461,550624.0568300348
강서구,기쁜우리복지관부설주간보호시설,서울특별시 강서구 허준로 65,(장애인) 장애인주간보호시설,18.0,18.0,186651.52069523,552197.9334790496
강남구,충현복지관,서울특별시 강남구 논현로98길 16충현복지관,(장애인) 장애인복지관,45.0,807.0,203266.66771095642,544905.5500824316
강남구,해마을주간보호센터,서울특별시 강남구 개포로 617-8.,(장애인) 장애인주간보호시설,13.0,13.0,206871.76483377785,543840.5163157817
중랑구,중랑구수어통역센터,"서울특별시 중랑구 면목로 299용마새마을금고 6,7층 (면목동)",(장애인) 수화통역센터,0.0,77.0,207656.12690371685,553300.8509202567
강남구,성모자애 엠마우스공동생활가정 1,서울특별시 강남구 헌릉로757길 35 (율현동),(장애인) 장애인공동생활가정,4.0,4.0,210568.9483171037,541186.0524238386
강남구,성모자애엠마우스공동생활가정3호,서울특별시 강남구 헌릉로757길 35 (율현동),(장애인) 장애인공동생활가정,4.0,4.0,210568.9483171037,541186.0524238386
강남구,성모자애공동생활가정,서울특별시 강남구 헌릉로757길 35 (율현동),(장애인) 장애인공동생활가정,4.0,4.0,210568.9483171037,541186.0524238386
강남구,성모자애주간보호시설,서울특별시 강남구 헌릉로757길 35.,(장애인) 장애인주간보호시설,15.0,15.0,210568.9483171037,541186.0524238386
강남구,성모자애제2주간보호센터,서울특별시 강남구 헌릉로757길 35.,(장애인) 장애인주간보호시설,15.0,15.0,210568.9483171037,541186.0524238386
강남구,성모자애보호작업장,서울특별시 강남구 헌릉로757길 35,(장애인) 장애인보호작업장,36.0,35.0,210568.9483171037,541186.0524238386
동작구,사랑손주간보호센터,서울특별시 동작구 사당로 188-7 (사당동),(장애인) 장애인주간보호시설,10.0,10.0,197292.76686873878,542846.6857096714
양천구,서울특별시립장애인생산품판매시설,서울특별시 양천구 목동서로 33(목동),(장애인) 장애인생산품판매시설,100.0,0.0,189582.84945650888,548650.9031100739
동작구,동작구립장애인보호작업장,서울특별시 동작구 등용로12길 57동작구립장애인보호작업장,(장애인) 장애인보호작업장,35.0,42.0,194027.60572749784,545827.2142151017
성동구,성동주간보호센터,서울특별시 성동구 청계천로 506성동장애인종합복지관 1층 (마장동),(장애인) 장애인주간보호시설,12.0,12.0,202986.94171733616,552323.3447897712
성동구,성모보호작업장,서울특별시 성동구 금호산9가길 57-10,(장애인) 장애인보호작업장,42.0,42.0,201639.05327124917,550382.2627707375
성동구,성동보호작업장,서울특별시 성동구 청계천로 506-0성동장애인종합복지관 1층,(장애인) 장애인보호작업장,30.0,30.0,202986.94171733616,552323.3447897712
성동구,성동장애인복지관공동생활가정(믿음의집),서울특별시 성동구 금호산9가길 57-102층,(장애인) 장애인공동생활가정,4.0,4.0,201653.01521004297,550379.291057956
성동구,성동장애인복지관공동생활가정(소망의집),서울특별시 성동구 금호산9가길 57-103층,(장애인) 장애인공동생활가정,4.0,4.0,201653.01521004297,550379.291057956
성동구,성동장애인복지관공동생활가정(사랑의집),서울특별시 성동구 금호산9가길 57-104층 (금호동2가),(장애인) 장애인공동생활가정,4.0,4.0,201653.01521004297,550379.291057956
성동구,성동장애인복지관 공동생활가정(기쁨의 집),"서울특별시 성동구 무수막14길 10202호 (금호동2가, 대우빌라)",(장애인) 장애인공동생활가정,4.0,4.0,201873.85021474562,550308.8494382021
광진구,광진장애인보호작업장,서울특별시 광진구 동일로80길 20,(장애인) 장애인보호작업장,32.0,31.0,207150.9837264096,552284.4110393765
은평구,은평구수어통역센터,서울특별시 은평구 증산서길 821층,(장애인) 수화통역센터,57.0,5186.0,191746.81520700554,553767.5980335032
광진구,정립장애인보호작업장,서울특별시 광진구 워커힐로 93정립회관 체육관 1층,(장애인) 장애인보호작업장,30.0,26.0,208627.92921028627,550146.9806368324
광진구,정립전자,서울특별시 광진구 워커힐로 93정립전자,(장애인) 장애인근로사업장,300.0,83.0,208593.19605998945,550058.2873039338
동작구,보라매그룹홈,서울특별시 동작구 보라매로13길 21301호,(장애인) 장애인공동생활가정,4.0,4.0,193530.06741200364,544083.7553468554
도봉구,자운그룹홈,서울특별시 도봉구 도봉로185길 14201호(도봉동),(장애인) 장애인공동생활가정,4.0,3.0,203878.3992618602,565079.8786720174
서초구,까리따스장애인주간보호센터,서울특별시 서초구 남부순환로 2124 (방배동),(장애인) 장애인주간보호시설,10.0,12.0,198603.460519148,541703.2556035531
서초구,사랑의일터,서울특별시 서초구 효령로55길 287층 (서초동),(장애인) 장애인보호작업장,32.0,26.0,199157.9964146248,542242.2652490529
강서구,교남공동생활가정4호,서울특별시 강서구 까치산로8길 44301호,(장애인) 장애인공동생활가정,4.0,4.0,186368.27420886868,549195.1784094181
강서구,교남공동생활가정1호,서울특별시 강서구 까치산로16길 21301호,(장애인) 장애인공동생활가정,4.0,4.0,186637.65908687923,549622.0345493886
구로구,구로구립장애인보호작업장,서울특별시 구로구 경인로 21 (온수동),(장애인) 장애인보호작업장,54.0,54.0,184143.23234966266,543641.506902534
노원구,동천재활체육시설,서울특별시 노원구 노원로18길 41 (하계동),(장애인) 장애인체육시설,100.0,65.0,206471.52777337804,560533.6658801083
강서구,교남공동생활가정5호,서울특별시 강서구 화곡로31길 5-6201호,(장애인) 장애인공동생활가정,4.0,3.0,186110.85320741165,549364.784090624
서초구,서초구수어통역센터,서울특별시 서초구 서운로23길 17명달공원 경로당내,(장애인) 수화통역센터,41.0,5647.0,201866.17788071954,544332.8355569363
동작구,서울남부보호작업장,서울특별시 동작구 여의대방로20길 33 (신대방동),(장애인) 장애인보호작업장,43.0,39.0,194031.3464727495,545619.032613259
강동구,서울장애인종합복지관,서울특별시 강동구 고덕로 201 (고덕동),(장애인) 장애인복지관,0.0,2000.0,213108.39034659293,550678.8718979873
노원구,오뚜기뇌성마비인주간보호센터,"서울특별시 노원구 덕릉로70가길 96 (상계6,7동771)",(장애인) 장애인주간보호시설,0.0,13.0,205906.97059190826,561694.919974473
송파구,참사랑주간보호센터,서울특별시 송파구 마천로 893층,(장애인) 장애인주간보호시설,10.0,11.0,212262.756615705,544698.2958176517
강북구,번동보호작업장,"서울특별시 강북구 한천로 115길 20501동(번동, 주공)",(장애인) 장애인보호작업장,35.0,39.0,203292.1354074496,559224.7213029555
중구,여성시각장애인주간보호센터,서울특별시 중구 소공로4길 15 (회현동2가),(장애인) 장애인주간보호시설,10.0,10.0,198433.53036840548,551190.9081243305
마포구,맑음터단기보호시설,서울특별시 마포구 백범로 73-11,(장애인) 장애인단기거주시설,25.0,10.0,194741.22130806115,549967.1498108106
송파구,연화직업재활원,서울특별시 송파구 가락로 865층,(장애인) 장애인보호작업장,20.0,16.0,209779.06754443105,545045.1160834229
서초구,사랑의복지관 재가복지봉사센터,서울특별시 서초구 강남대로65길 19서초동,(장애인) 장애인복지관,,,202121.4186263186,544489.56599351
노원구,하하센터,서울특별시 노원구 한글비석로24가길 72-201층,(장애인) 장애인주간보호시설,10.0,10.0,205694.38554627044,559308.0680047418
서초구,서초구립주간이용센터,서울특별시 서초구 남부순환로340길 153층 (서초동),(장애인) 장애인주간보호시설,12.0,10.0,201985.9816399839,542357.4305612149
종로구,라파엘 주간보호시설,서울특별시 종로구 필운대로9나길 15-4 (옥인동),(장애인) 장애인주간보호시설,10.0,6.0,197057.55594008687,553717.5886489054
서대문구,서대문장애인주간보호시설,서울특별시 서대문구 북아현로4차길 4,(장애인) 장애인주간보호시설,10.0,13.0,196495.5585616692,551257.6820808648
서대문구,서은장애인단기보호시설,서울특별시 서대문구 가좌로 19장목빌딩 402호 (연희동),(장애인) 장애인단기거주시설,10.0,10.0,194105.7820988634,553032.1519720702
은평구,브니엘공동생활가정,서울특별시 은평구 증산로19길 28-10301호 (신사동),(장애인) 장애인공동생활가정,4.0,4.0,192192.6422167514,555105.3924827123
은평구,벧엘공동생활가정,서울특별시 은평구 가좌로 312-11201호 (신사동),(장애인) 장애인공동생활가정,4.0,4.0,191804.88387852118,555120.061941095
노원구,중계종합사회복지관장애인주간보호센터,서울특별시 노원구 덕릉로 662주공3단지 내,(장애인) 장애인주간보호시설,15.0,15.0,206721.10737008823,561887.9978792053
영등포구,새생명장애인주간보호소,서울특별시 영등포구 도림로 310-1301 (신길동),(장애인) 장애인주간보호시설,15.0,20.0,191390.0150743931,545091.3157383362
종로구,비둘기주간보호시설,서울특별시 종로구 동숭4길 28비둘기재활센터 2층 (동숭동),(장애인) 장애인주간보호시설,15.0,13.0,200455.68635373775,553787.5905080461
종로구,비둘기직업적응훈련센터,서울특별시 종로구 동숭4길 28 (동숭동),(장애인) 장애인직업적응훈련시설,,31.0,200455.68635373775,553787.5905080461
중구,중구수어통역센터,서울특별시 중구 퇴계로20길 41-11남산쉼터 2층,(장애인) 수화통역센터,1100.0,2092.0,198833.22248413623,551027.3456887634
송파구,미술작은예수의집,"서울특별시 송파구 가락로11길 12-6101호 (석촌동, 화이트빌)",(장애인) 장애인공동생활가정,4.0,4.0,208638.21545338078,544897.128354645
영등포구,영등포구수어통역센터,서울특별시 영등포구 경인로112길 132층 (영등포동1가),(장애인) 수화통역센터,38.0,5974.0,192428.1309941752,546492.1546005347
노원구,노원구수어통역센터,서울특별시 노원구 상계로23길 17윈터행복발전소 2층 (상계동),(장애인) 수화통역센터,60.0,1073.0,206046.61172460509,562133.3983097621
서초구,(사)대한안마사협회부설안마수련원,서울특별시 서초구 서초중앙로22길 105  ,(장애인) 장애인보호작업장,71.0,59.0,201729.56829259454,543899.068939952
강북구,한마음주간보호시설,서울특별시 강북구 삼양로 4323층 (수유동),(장애인) 장애인주간보호시설,10.0,12.0,201353.77622902766,560373.4309838151
강북구,한마음단기거주시설,"서울특별시 강북구 삼양로119길 12201호, 301호",(장애인) 장애인단기거주시설,10.0,10.0,201314.25050378218,560512.5724616083
용산구,햇빛자리,서울특별시 용산구 백범로47길 24 101호(효창동),(장애인) 장애인주간보호시설,10.0,10.0,196420.88562922564,549050.950155841
마포구,마포장애인주간보호센터,서울특별시 마포구 성산로4길 35마포장애인종합복지관 (성산동),(장애인) 장애인주간보호시설,12.0,10.0,191949.49999995108,551587.5000007058
마포구,마포점자도서실,서울특별시 마포구 망원2동 451-1,(장애인) (기타)장애인복지시설,10.0,10.0,191366.25785644393,551202.4959876981
도봉구,피어라희망센터,서울특별시 도봉구 도봉로120길 16,(장애인) 장애인주간보호시설,20.0,20.0,203301.55785612215,561184.2708745531
종로구,문혜장애인보호작업장,강원도 철원군 텃골1길 13(문혜리),(장애인) 장애인보호작업장,35.0,28.0,232336.03875761232,621225.6002037391
송파구,무지개동산주간보호,서울특별시 송파구 성내천로22길 162층,(장애인) 장애인주간보호시설,10.0,9.0,212988.18766604702,544509.6966939139
송파구,송파구수어통역센터,서울특별시 송파구 문정로 135층 (문정동),(장애인) 수화통역센터,20.0,3860.0,211869.69635611857,543792.3692340669
성동구,성동구수어통역센터,서울특별시 성동구 청계천로 516성동장애인생활회관 3층 (마장동),(장애인) 수화통역센터,30.0,5304.0,202973.9579863982,552316.1147844904
송파구,마라주간보호센터,서울특별시 송파구 송이로34길 43-13층(마라빌딩),(장애인) 장애인주간보호시설,10.0,10.0,210328.9853705068,544753.9504353228
강동구,주몽재활의원,서울특별시 강동구 상암로 369 상일동 179,(장애인) 장애인의료재활시설,0.0,70.0,214460.54855805004,549643.8512172834
도봉구,장애인주간보호시설인강원,서울특별시 도봉구 평화로15번길 9-25.,(장애인) 장애인주간보호시설,15.0,12.0,203741.3979285346,566110.7410844362
도봉구,보호작업장 인강원,서울특별시 도봉구 평화로15번길 9-25(도봉동),(장애인) 장애인보호작업장,25.0,14.0,203741.3979285346,566110.7410844362
도봉구,아미네,서울특별시 도봉구 시루봉로13가길 302층(방학동),(장애인) 장애인공동생활가정,4.0,4.0,202697.72324819805,563073.0360388111
도봉구,도봉주간보호센터,서울특별시 도봉구 도당로 532층 (방학동),(장애인) 장애인주간보호시설,10.0,10.0,203327.55114059706,562687.8631010023
송파구,마라제3공동생활가정,서울특별시 송파구 가락로5길 7-11301호,(장애인) 장애인공동생활가정,4.0,4.0,209015.08270762351,544524.1115099264
송파구,마라제1공동생활가정,서울특별시 송파구 송이로34길 43-14층,(장애인) 장애인공동생활가정,4.0,4.0,210328.9853705068,544753.9504353228
송파구,마라제2공동생활가정,서울특별시 송파구 송이로34길 43-15층 (문정동),(장애인) 장애인공동생활가정,4.0,4.0,210328.9853705068,544753.9504353228
강남구,충현보호작업장,서울특별시 강남구 논현로98길 16,(장애인) 장애인보호작업장,45.0,45.0,203253.4935784472,544903.9467065514
송파구,THE채움,서울특별시 송파구 마천로51길 282층,(장애인) 장애인주간보호시설,10.0,10.0,211404.4756249517,545321.3351122099
강남구,라파엘의집,경기도 여주시 북내면 당전로 552 ,(장애인) 중증장애인거주시설,175.0,151.0,263465.7233321992,528643.807327146
강남구,라파엘직업재활센터,경기도 여주시 강천면 원양1로 907 ,(장애인) 장애인보호작업장,40.0,40.0,265070.52033784165,527713.6910806762
강북구,효정비전타운,경기도 용인시 처인구 백암면 삼백로 648효정비전타운 ,(장애인) 중증장애인거주시설,40.0,30.0,233175.02814482825,503350.0530927053
강북구,헬렌켈러의집,서울특별시 강북구 삼양로91가길 8-0JS홈타운 2동 501호,(장애인) 장애인공동생활가정,4.0,4.0,201397.30184130045,559656.1341434178
강남구,강남구수어통역센터,서울특별시 강남구 학동로 343(학동) 포바강남타워 지하,(장애인) 수화통역센터,4.0,5462.0,203592.29636389302,546441.4927334578
강남구,논현공동생활가정,"서울특별시 강남구 강남대로120길 52401호, 402호 (논현동)",(장애인) 장애인공동생활가정,4.0,4.0,202375.4512782858,545344.390821909
강남구,하상주간보호센터,서울특별시 강남구 개포로 613 (개포동),(장애인) 장애인주간보호시설,12.0,12.0,206636.03868861997,543674.3661908386
마포구,라온홈,서울특별시 마포구 잔다리로9길 21105동 501호,(장애인) 장애인공동생활가정,4.0,4.0,193105.13694130364,550120.6998899005
용산구,한벗장애인주간보호시설,서울특별시 용산구 효창원로69길 42-3한벗회관 2층,(장애인) 장애인주간보호시설,10.0,10.0,196481.01827419735,549261.6238153139
용산구,행복이가득한집,"서울특별시 용산구 후암로28라길 9201호 (후암동, 예원빌라)",(장애인) 장애인공동생활가정,3.0,3.0,198213.01186382273,550023.7243112625
양천구,임마누엘목동공동체,"서울특별시 양천구 목동중앙본로17길 29401호 (목동,청송하이츠빌라) ",(장애인) 장애인공동생활가정,4.0,4.0,188300.743054206,549142.0774836056
관악구,실로암배움울타리,서울특별시 관악구 조원로12길 66-02층,(장애인) 장애인공동생활가정,6.0,5.0,191479.61984033184,542655.5009067196
강동구,사랑쉼터의집,서울특별시 강동구 상암로79길 24,(장애인) 장애유형별거주시설,29.0,21.0,214782.1450221279,549705.9380203114
양천구,베다니장애인주간보호시설 ,서울특별시 양천구 남부순환로65길 12-2 (신월동),(장애인) 장애인주간보호시설,10.0,13.0,185465.9711179216,547581.9742359752
용산구,가브리엘의집,서울특별시 용산구 후암로35길 22-23(후암동),(장애인) 중증장애인거주시설,29.0,29.0,197836.21035849227,550138.0205531968
노원구,동천일리하우스,서울특별시 노원구 노원로18길 41(하계1동),(장애인) 중증장애인거주시설,60.0,39.0,206471.52777337804,560533.6658801083
강서구,우리집,서울특별시 강서구 양천로47길 70-6,(장애인) 장애인단기거주시설,10.0,10.0,185648.61335545822,552658.545453965
강서구,나눔공동체,서울특별시 강서구 등촌로13바길 59,(장애인) 장애인공동생활가정,4.0,4.0,187343.73366064762,548435.3424877715
강서구,선린원,서울특별시 강서구 까치산로22길 35-5,(장애인) 장애인단기거주시설,10.0,10.0,187005.20229127788,549908.5893969279
마포구,잔디네집,서울특별시 마포구 월드컵로 190-0604호 (이안상암2차오피스텔),(장애인) 장애인공동생활가정,4.0,2.0,191454.4461924341,551633.5168887896
강서구,푸른터,서울특별시 강서구 초록마을로26길 35-8,(장애인) 장애인공동생활가정,4.0,4.0,186691.78419858974,548847.9824098665
강서구,푸른터2호,서울특별시 강서구 화곡로13길 20-9201호,(장애인) 장애인공동생활가정,4.0,4.0,185294.07446424838,549051.6819328134
강서구,푸른터3호,서울특별시 강서구 허준로5길 37B동 3층 (가양동)(가양동),(장애인) 장애인공동생활가정,4.0,4.0,186879.29395600094,552122.608588925
강서구,강서뇌성마비복지관,서울특별시 강서구 방화대로 45길 69(방화동 452-5)  ,(장애인) 장애인복지관,373.0,500.0,183443.7192356667,552756.8691144062
강서구,그라나다보호작업센터,서울특별시 강서구 허준로5길 37 (가양동),(장애인) 장애인보호작업장,46.0,44.0,186849.55029055418,552123.89872389
강서구,강서희망의집,서울특별시 강서구 강서로34길 36,(장애인) 장애인단기거주시설,10.0,10.0,185992.41876574527,549325.6375525965
강서구,주간보호센터햇볕교실,"서울특별시 강서구 개화동로21길 4 (방화동, 방화11단지아파트)",(장애인) 장애인주간보호시설,12.0,13.0,182819.9136381057,552327.9766295624
강서구,기쁜우리보호작업장,서울특별시 강서구 허준로 65 (가양동),(장애인) 장애인보호작업장,30.0,33.0,186651.52069523,552197.9334790496
강서구,강서구휴먼희망일터,서울특별시 강서구 강서로 466우리벤처타운 102호 (등촌동),(장애인) 장애인보호작업장,30.0,23.0,185985.74368889004,551937.2193405231
노원구,다복스위트홈,서울특별시 노원구 상계로5길 22-9402호,(장애인) 장애인공동생활가정,4.0,4.0,205575.83110214636,561970.6892031643
송파구,마라제4공동생활가정,서울특별시 송파구 마천로39길 35401호,(장애인) 장애인공동생활가정,4.0,4.0,213149.22294589377,544429.3949083129
구로구,양지골장애인주간보호시설,서울특별시 구로구 구로중앙로28길 625층(구로동),(장애인) 장애인주간보호시설,12.0,12.0,190390.63747134514,543682.4171589778
영등포구,리드릭,"서울특별시 영등포구 양산로 96양산로 96, 산경물산(당산동2가)",(장애인) 장애인보호작업장,54.0,51.0,190588.72336907964,547146.5954100414
마포구,마포구립장애인직업재활센터(수아밀),서울특별시 마포구 매봉산로 18(상암동 1640번지),(장애인) 장애인보호작업장,20.0,31.0,190274.6108161343,552739.6726553241
강남구,강남세움주간보호센터,서울특별시 강남구광평로60길 22(수서동),(장애인) 장애인주간보호시설,16.0,16.0,209454.40127401057,543072.9208860333
강서구,파랑새교육원주간보호,서울특별시 강서구 까치산로 134화곡빌딩 2층,(장애인) 장애인주간보호시설,10.0,13.0,186869.9518902819,549985.2397150843
강서구,화곡성모공동생활가정,"서울특별시 강서구 초록마을로24길 7-8B동 502호 (화곡동, 태영팰리스)",(장애인) 장애인공동생활가정,4.0,4.0,186850.3209597859,548792.9352069227
강남구,강남장애인복지관,서울특별시 강남구 개포로 605  ,(장애인) 장애인복지관,,314.0,206496.6923259971,543618.141259243
구로구,헬렌의집장애인단기보호시설,서울특별시 구로구 구로중앙로27나길 18,(장애인) 장애인단기거주시설,12.0,11.0,189829.59564075916,544163.1586515072
강서구,로사리아공동생활가정,"서울특별시 강서구 초록마을로24길 7-8B동 202호 (화곡동, 태영팰리스)",(장애인) 장애인공동생활가정,4.0,4.0,186850.3209597859,548792.9352069227
강서구,우리집주간보호,서울특별시 강서구 양천로47길 70-6,(장애인) 장애인주간보호시설,10.0,12.0,185648.61335545822,552658.545453965
강북구,꿈손단기거주시설,서울특별시 강북구 인수봉로61길12-4,(장애인) 장애인단기거주시설,10.0,12.0,201134.60556124148,559881.0699702939
금천구,금천구수어통역센터,서울특별시 금천구 시흥대로147길 30-152층,(장애인) 수화통역센터,0.0,30.0,190851.7183331257,541655.110314847
중구,시각장애인주간보호센터,서울특별시 중구 퇴계로20길 41-11남산쉼터 1층,(장애인) 장애인주간보호시설,15.0,15.0,198833.22248413623,551027.3456887634
동대문구,동대문구수어통역센터,서울특별시 동대문구 청계천로 521다사랑행복센터 (용두동),(장애인) 수화통역센터,0.0,600.0,203008.46181329095,552469.8572438392
강서구,샬롬의 집,서울특별시 강서구 방화대로7가길 11,(장애인) 장애유형별거주시설,20.0,15.0,183715.27344283476,550834.5821922034
도봉구,디딤돌공동생활가정,"서울특별시 도봉구 우이천로 446-11501호(쌍문동, 해밀하우스)",(장애인) 장애인공동생활가정,4.0,3.0,202391.44663842325,561525.185283644
강남구,역삼주간보호센터,서울특별시 강남구 테헤란로8길 36강남문화원 2층,(장애인) 장애인주간보호시설,16.0,16.0,202816.04006160627,544115.1797508124
강남구,신망애공동생활가정,서울특별시 강남구 도산대로50길 33-3401호 (논현동),(장애인) 장애인공동생활가정,4.0,4.0,203339.68057711687,546746.7915339009
강남구,서로함께공동생활가정,서울특별시 강남구 선릉로146길 27-4204호 (청담동),(장애인) 장애인공동생활가정,4.0,4.0,204033.47781698938,546721.4165908786
은평구,똘레랑스,서울특별시 은평구 연서로21길 31-0,(장애인) 장애인보호작업장,24.0,25.0,192441.7783008606,557319.9612566328
종로구,마로니에공동생활가정,서울특별시 종로구 혜화로12길 20-10101호,(장애인) 장애인공동생활가정,4.0,3.0,200025.1445971099,554453.5766428105
중구,영락주간보호센터,서울특별시 중구 수표로 33영락교회 교육관 1층,(장애인) 장애인주간보호시설,12.0,13.0,199021.71904282775,551607.5676310847
성동구,성모주간보호센터,서울특별시 성동구 독서당로44길 25.,(장애인) 장애인주간보호시설,15.0,15.0,201823.02799492533,549482.4439831662
도봉구,지앤지주간보호센터,서울특별시 도봉구 삼양로 574-442층,(장애인) 장애인주간보호시설,15.0,15.0,201168.21558659128,561632.7267633264
동대문구,동문장애인복지관,서울특별시 동대문구 장안벚꽃로 7길 5　,(장애인) 장애인복지관,495.0,0.0,206465.10110448737,553744.4026574803
도봉구,성민그룹홈,서울특별시 도봉구 우이천로47길 10601호 (쌍문동),(장애인) 장애인공동생활가정,4.0,4.0,201335.60938304404,561708.7136100313
중구,파란마음주간보호센터,서울특별시 중구 다산로22길 111층,(장애인) 장애인주간보호시설,15.0,19.0,201261.3384270289,550838.1913410211
용산구,구립용산장애인복지관,서울특별시 용산구 효창원로93길 49 (효창동),(장애인) 장애인복지관,0.0,332.0,196743.8427556691,548826.7773389202
서초구,서초구립한우리정보문화센터,서울특별시 서초구 남부순환로340길 15  ,(장애인) 장애인복지관,427.0,376.0,202199.68211771295,542522.4326913542
강남구,다니엘의집4호,서울특별시 강남구 도산대로4길 18-6401호 (논현동),(장애인) 장애인공동생활가정,4.0,4.0,201882.2205193701,546200.3870468434
마포구,행복한 집,서울특별시 마포구 성미산로 165-5,(장애인) 장애인공동생활가정,9.0,3.0,193334.11471455006,551711.1739878356
노원구,성민복지관,서울특별시 노원구 노원로32길 30-3　,(장애인) 장애인복지관,,340.0,206108.06733468352,561801.4721047826
강서구,기쁜우리복지관,서울특별시 강서구 허준로 65　,(장애인) 장애인복지관,,500.0,186651.52069523,552197.9334790496
강북구,강북장애인종합복지관,서울특별시 강북구 오현로 189강북장애인종합복지관,(장애인) 장애인복지관,,282.0,203449.09886797532,558791.5486644526
동작구,삼성소리샘복지관,서울특별시 동작구 양녕로30길 19-4(상도동),(장애인) 장애인복지관,0.0,300.0,195218.82413478597,544407.7949282553
노원구,서울시립뇌성마비복지관,"서울특별시 노원구 덕릉로70가길 96(상계6,7동 771)(상계동)",(장애인) 장애인복지관,0.0,639.0,205906.97059190826,561694.919974473
노원구,서울시립상이군경복지관,서울특별시 노원구 덕릉로70가길 73-0(상계동),(장애인) 장애인복지관,500.0,462.0,205127.1076071125,560301.5546154735
강동구,서울장애인종합복지관보호작업장,서울특별시 강동구 고덕로 201(고덕동),(장애인) 장애인보호작업장,0.0,30.0,213108.39034659293,550678.8718979873
성동구,성동장애인종합복지관,서울특별시 성동구 청계천로 506-0　,(장애인) 장애인복지관,1728.0,350.0,202973.9579863982,552316.1147844904
성북구,성북시각장애인복지관,서울특별시 성북구 동소문로25가길 20성북시각장애인복지관,(장애인) 장애인복지관,,320.0,201696.90519676675,555088.7059061094
관악구,실로암주간보호센터,서울특별시 관악구 조원로 127-2301호,(장애인) 장애인주간보호시설,10.0,10.0,192613.82019469785,542890.7419957031
구로구,에덴장애인종합복지관,서울특별시 구로구 고척로21가길 84-35　,(장애인) 장애인복지관,220.0,211.0,185963.86587457207,544649.3222482973
광진구,정립회관,서울특별시 광진구 워커힐로 93정립회관,(장애인) 장애인복지관,200.0,1050.0,208627.92921028627,550146.9806368324
강동구,한국시각장애인복지관,서울특별시 강동구 구천면로 645 (상일동),(장애인) 장애인복지관,0.0,0.0,214990.27808945373,550189.4214408628
강동구,성분도복지관,경기도 광주시 국사봉로 159-10  ,(장애인) 장애인복지관,110.0,1000.0,231091.8686796904,524238.2327415054
양천구,양천해누리복지관 ,서울특별시 양천구 목동동로 159목동동로 159 ,(장애인) 장애인복지관,43.0,43.0,188504.14111417247,546719.2939393272
관악구,실로암시각장애인복지관,서울특별시 관악구 남부순환로 1717 (봉천동),(장애인) 장애인복지관,,1800.0,194795.13466724256,542621.3149627155
은평구,서부장애인종합복지관,서울특별시 은평구 갈현로11길 30　,(장애인) 장애인복지관,0.0,600.0,191771.78005402477,556237.133218867
서대문구,서대문장애인종합복지관,서울특별시 서대문구 북아현로 24,(장애인) 장애인복지관,,1666.0,196203.39212514376,551106.3116215856
구로구,해나무일터,서울특별시 구로구 남부순환로 105라길25-10,(장애인) 장애인보호작업장,30.0,31.0,190316.88151611897,542464.1983665512
금천구,장애인주간보호센터청락원,서울특별시 금천구 금하로29길 36.,(장애인) 장애인주간보호시설,15.0,15.0,192368.2477160195,539111.8375124037
서초구,하늘동산,서울특별시 서초구 강남대로65길 195층 (서초동),(장애인) 장애인주간보호시설,12.0,10.0,202198.66453262308,544533.2816430215
강남구,하상장애인복지관,서울특별시 강남구 개포로 613　,(장애인) 장애인복지관,,780.0,206636.03868861997,543674.3661908386
광진구,희망의학교,서울특별시 광진구 천호대로 622시민의교회5층(능동),(장애인) 장애인주간보호시설,18.0,18.0,207633.05806832298,550500.6806658284
종로구,라파엘의집,서울특별시 종로구 필운대로2길 16 (체부동),(장애인) 장애인단기거주시설,17.0,10.0,197332.08762191312,553253.785563191
노원구,다운인의 집,서울특별시 노원구 노원로1길 21902동 1102호,(장애인) 장애인공동생활가정,4.0,4.0,207393.8499676674,557977.1476309723
동작구,장애인공동생활가정다움이네집,서울특별시 동작구 양녕로22마길 90-02층,(장애인) 장애인공동생활가정,4.0,3.0,195298.314761214,544399.270230839
서초구,사랑의가족,서울특별시 서초구 사임당로20길 16-0A동201호,(장애인) 장애인공동생활가정,4.0,4.0,201863.55909189122,543311.7774250495
서초구,사랑의그룹홈,서울특별시 서초구 효령로23길 61501호,(장애인) 장애인공동생활가정,4.0,4.0,199390.99634981362,542570.8210233345
성북구,성북그룹홈1호,서울특별시 성북구 개운사길 60-39성북그룹홈1호,(장애인) 장애인공동생활가정,4.0,3.0,202671.09205518712,554516.7596724967
성북구,성북그룹홈2호,"서울특별시 성북구 보국문로6길 5-11102호 (정릉동, 삼우빌라)",(장애인) 장애인공동생활가정,4.0,3.0,201036.52277507514,556332.0616937253
동작구,사랑손공동생활가정소라네,"서울특별시 동작구 대방동2길 36502호 (대방동, 신건드림원아파트)",(장애인) 장애인공동생활가정,4.0,4.0,193627.12574642975,544715.7187457179
노원구,아름다운집,서울특별시 노원구 공릉로62길 8풍진빌라 B동 302호,(장애인) 장애인공동생활가정,4.0,3.0,206370.38342946564,559552.4490280563
강동구,아이비해솔그룹홈,서울특별시 강동구 양재대로110길 15-5301호,(장애인) 장애인공동생활가정,4.0,4.0,212395.16292400062,548458.5894652411
강동구,아이비한울그룹홈,서울특별시 강동구 양재대로124길 67-143층,(장애인) 장애인공동생활가정,4.0,3.0,212894.07384292377,549226.2542474419
강동구,아이비잎새그룹홈,서울특별시 강동구 양재대로135길 5-1101호,(장애인) 장애인공동생활가정,4.0,3.0,212648.33944244304,549903.5707802313
동작구,사랑손공동생활가정연희네,"서울특별시 동작구 국사봉길 178102동 706호 (상도동, 상도1차 갑을명가아파트)",(장애인) 장애인공동생활가정,4.0,3.0,193963.29168097017,544079.401046997
관악구,임마누엘관악1공동체공동생활가정,서울특별시 관악구 조원중앙로 44-32층,(장애인) 장애인공동생활가정,4.0,4.0,191791.14493405557,542622.9019134621
강서구,임마누엘등촌공동체,"서울특별시 강서구 공항대로39길 74502-902 (등촌동, 등촌5단지주공아파트)",(장애인) 장애인공동생활가정,4.0,4.0,186262.2108860885,551303.7889881663
영등포구,임마누엘영등포공동체,서울특별시 영등포구 영신로8길 9201호 (영등포동),(장애인) 장애인공동생활가정,4.0,3.0,192004.53934559185,545892.5861044
강남구,충현의집1호,"서울특별시 강남구 삼성로57길 33-1202호 (대치동, 리치빌)(대치동, 리치빌)",(장애인) 장애인공동생활가정,1.0,1.0,205161.3558287051,544209.843517665
강남구,충현의집2호,서울특별시 강남구 학동로42길 55-10401호 (논현동)(논현동),(장애인) 장애인공동생활가정,1.0,1.0,203320.73789347973,545834.4234235485
서초구,충현의집3호,서울특별시 서초구 동산로12길 20301호,(장애인) 장애인공동생활가정,4.0,4.0,204093.2355364817,541258.5997614246
강남구,충현의집4호,서울특별시 강남구 선릉로146길 27-4302호 (청담동)(청담동),(장애인) 장애인공동생활가정,1.0,1.0,204033.47781698938,546721.4165908786
강남구,충현의집5호,서울특별시 강남구 삼성로147길 16-10401호 (청담동)(청담동),(장애인) 장애인공동생활가정,1.0,1.0,204111.05187142538,546879.5895131918
강남구,충현의집6호,서울특별시 강남구 삼성로67길 8-7401호 (대치동)(대치동),(장애인) 장애인공동생활가정,1.0,1.0,205202.4423221268,544644.2947338779
은평구,한마음1호공동생활가정,서울특별시 은평구 통일로89길 5-73층,(장애인) 장애인공동생활가정,4.0,4.0,192852.8822897022,558326.3925698991
강서구,기쁜우리체육센터,서울특별시 강서구 허준로 65,(장애인) 장애인체육시설,,300.0,186651.52069523,552197.9334790496
관악구,에스알씨(SRC)재활체육관,경기도 광주시 초월읍 경수길 25에스알씨재활체육관 ,(장애인) 장애인체육시설,,1000.0,225401.7769878727,535656.6494235635
은평구,서부재활체육센터,서울특별시 은평구 갈현로11길 30 (구산동),(장애인) 장애인체육시설,1300.0,1300.0,192169.36239288645,556778.4864932913
관악구,에스알씨(SRC)부설의원,서울특별시 관악구 보라매로 44보라매동,(장애인) 장애인의료재활시설,,100.0,193581.60037688515,543745.9153387756
관악구,에스알씨(SRC)재활병원,경기도 광주시 경수길 25에스알씨재활병원,(장애인) 장애인의료재활시설,,700.0,225401.7769878727,535656.6494235635
은평구,서울재활병원,서울특별시 은평구 갈현로11길 30-0,(장애인) 장애인의료재활시설,350.0,350.0,191771.78005402477,556237.133218867
도봉구,도봉장애인보호작업시설,서울특별시 도봉구 마들로 664-172층,(장애인) 장애인보호작업장,30.0,19.0,204102.4312406792,563308.6796364194
송파구,마라보호작업장,서울특별시 송파구 송이로34길 43-1,(장애인) 장애인보호작업장,20.0,22.0,211396.31713275888,542794.177748043
강동구,성지보호작업장,서울특별시 강동구 동남로85길 15(고덕동),(장애인) 장애인보호작업장,0.0,24.0,214844.0115742281,551467.0924720719
강동구,아이비장애인보호작업장,"서울특별시 강동구 구천면로39길 121층, 지하1층 (천호동)(천호동)",(장애인) 장애인보호작업장,0.0,30.0,211653.88054763072,549585.9552451582
은평구,은평보호작업장,서울특별시 은평구 갈현로11길 30,(장애인) 장애인보호작업장,30.0,21.0,191771.78005402477,556237.133218867
양천구,하은장애인보호작업장,서울특별시 양천구 목동동로8길 95층 (신정동),(장애인) 장애인보호작업장,30.0,30.0,188702.5384173335,546273.9504852357
금천구,EM실천,서울특별시 금천구 서부샛길 648대륭테크노타운6차 1004호,(장애인) 장애인보호작업장,30.0,30.0,189035.79962062777,542422.8233890857
강서구,꿈자람터장애인주간보호센터,"서울특별시 강서구 공항대로43길 104등촌7종합사회복지관 (등촌동, 등촌주공7,8단지아파트)",(장애인) 장애인주간보호시설,10.0,12.0,186811.69231058008,551193.5855117585
노원구,서울시립노원시각장애인복지관,서울특별시 노원구 덕릉로70가길 98서울특별시립노원시각장애인복지관,(장애인) 장애인복지관,0.0,14332.0,205009.5387691672,560303.4915635223
강서구,늘푸른마을,서울특별시 강서구 까치산로22길 38,(장애인) 장애인주간보호시설,12.0,13.0,186965.35398690053,549855.9878650167
송파구,효명장애인보호작업시설,"서울특별시 송파구 올림픽로 269롯데캐슬프라자 810호,811호,812호",(장애인) 장애인보호작업장,12.0,19.0,208905.83875467756,546113.077416445
서초구,서리풀주간이용센터,서울특별시 서초구 남부순환로340길 15.,(장애인) 장애인주간보호시설,10.0,10.0,202199.68211771295,542522.4326913542
동작구,동작구수어통역센터,서울특별시 동작구 만양로3길 143층 (노량진동),(장애인) 수화통역센터,30.0,644.0,195262.96441958525,545087.3549621139
종로구,종로구수어통역센터,서울특별시 종로구 종로17길 83층 (종로2가),(장애인) 수화통역센터,39.0,598.0,198991.28781286866,552451.160169026
양천구,양천구수어통역센터,"서울특별시 양천구 목동중앙북로 682층 (목동, 목동에버하임)(목동, 목동에버하임)",(장애인) 수화통역센터,5.0,6704.0,188735.92433999723,549655.573275788
영등포구,성락주간보호,서울특별시 영등포구 도림로 3042층,(장애인) 장애인주간보호시설,15.0,16.0,190928.78407418024,544977.6775317157
마포구,계명원,서울특별시 마포구 동교로 55-10망원동,(장애인) 장애인단기거주시설,10.0,10.0,191906.03508836124,550470.7506341515
강서구,열린마음하나,서울특별시 강서구 초록마을로16길 20201호,(장애인) 장애인공동생활가정,4.0,4.0,186718.1261061118,549083.2130031004
동작구,삼성그룹홈1호,서울특별시 동작구 양녕로22마길 90-03층,(장애인) 장애인공동생활가정,4.0,4.0,195298.314761214,544399.270230839
구로구,민들레쉼터장애인주간보호시설,"서울특별시 구로구 가마산로 2315동 101호 (구로동, 보광아파트)",(장애인) 장애인주간보호시설,10.0,7.0,189892.5942641544,543996.9673916388
관악구,실로암 효명의 집,경기도 양주시 쇠장이길 656(관악구),(장애인) 중증장애인거주시설,30.0,28.0,193205.88083887432,577310.3569829882
양천구,드림하우스,서울특별시 양천구 곰달래로10길 19-1301호 (신월동),(장애인) 장애인공동생활가정,4.0,2.0,185612.69709265718,547669.9989045155
강동구,선한복지센터,"서울특별시 강동구 양재대로91길 62(성내동, 동아아파트상가4층)",(장애인) 장애인보호작업장,0.0,28.0,211752.0567914175,547714.1692658134
강동구,사랑나눔강동,서울특별시 강동구 양재대로112길 86401호,(장애인) 장애인공동생활가정,4.0,4.0,212591.78770000194,548547.8308418232
마포구,하나렘넌트장애인주간보호센터,서울특별시 마포구 월드컵로13길 19-13,(장애인) 장애인주간보호시설,12.0,12.0,191997.292366188,550641.7172292868
은평구,위드그룹홈,서울특별시 은평구 갈현로15길 11-13302호 (구산동),(장애인) 장애인공동생활가정,4.0,4.0,192009.76986472882,556440.2770229676
용산구,서울시농아노인지원센터,서울특별시 용산구 원효로89길 332층 (원효로1가)(원효로1가),(장애인) 장애인주간보호시설,15.0,15.0,197168.27842692388,549039.7739648586
강서구,교남시냇가,경기 파주시 적성면어못내길 94-42,(장애인) 중증장애인거주시설,30.0,28.0,198982.3333498511,599821.8363280267
동작구,디딤돌주간보호센터,"서울특별시 동작구 대방동7길 571층 101호 (대방동, 한빛빌라)",(장애인) 장애인주간보호시설,13.0,13.0,193663.7771603514,546039.2028740762
강서구,구립강서구직업재활센터,서울특별시 강서구 허준로 95-9외 1번지 (가양동),(장애인) 장애인보호작업장,70.0,65.0,186907.08405840432,551997.3472747193
서대문구,작은숨골공동생활가정,서울특별시 서대문구 연희로41가길 103-7.,(장애인) 장애인공동생활가정,4.0,4.0,194143.42720730725,554904.5493854502
서대문구,서울시립미래형장애인직업재활시설그린내,서울특별시 서대문구 명지2길 14-0(홍은동),(장애인) 장애인근로사업장,56.0,58.0,193629.09387139516,553725.0066679948
강남구,논현제2공동생활가정,서울특별시 강남구 논현로113길 38-1301호 (논현동),(장애인) 장애인공동생활가정,4.0,4.0,202476.1404300254,546174.7269919149
은평구,포도원복지센터,서울특별시 은평구 갈현로41길 48,(장애인) 장애인단기거주시설,10.0,12.0,192334.73481890946,558530.2440564308
마포구,마포구수어통역센터,서울특별시 마포구 월드컵로 213마포장애인복지회관 3층 (성산동),(장애인) 수화통역센터,19.0,3926.0,191232.24169717904,551762.9279784715
강동구,메타아카데미주간보호센터,서울특별시 강동구 양재대로121길 25202호,(장애인) 장애인주간보호시설,10.0,10.0,212344.3895951059,549241.8790371461
광진구,하나인장애인주간보호센터,서울특별시 광진구 능동로59길 14 (중곡동),(장애인) 장애인주간보호시설,10.0,10.0,207812.0250540915,551178.1750126862
광진구,희망일터,서울특별시 광진구 천호대로 622 (능동),(장애인) 장애인보호작업장,30.0,28.0,207633.05806832298,550500.6806658284
송파구,서울시립미래형장애인직업재활시설굿윌스토어,서울특별시 송파구 마천로 226지하1층~지상2층,(장애인) 장애인근로사업장,70.0,53.0,212617.65643354828,544556.8290635303
송파구,소망의집,서울특별시 송파구 백제고분로 32길 32-1201호,(장애인) 장애인공동생활가정,4.0,4.0,208365.9965798636,544470.7369980259
송파구,사랑의집,서울특별시 송파구 오금로64나길 11-1301호,(장애인) 장애인공동생활가정,4.0,4.0,213140.69315569807,543603.8244053848
강북구,희망을긷는샘,서울특별시 강북구 삼양로163길 31-5101호,(장애인) 장애인공동생활가정,4.0,3.0,201053.38548174736,562112.5654694238
노원구,내일을 꿈꾸는 사람들,서울특별시 노원구 동일로237바길 11-8101호(상계동),(장애인) 장애인공동생활가정,3.0,3.0,204430.48352216257,563828.0171483974
강서구,로뎀나무,서울특별시 강서구 까치산로18나길 36오성빌라 1층,(장애인) 장애인주간보호시설,10.0,11.0,186706.32481190248,549606.1529665565
은평구,빛가람장애인시설,서울특별시 은평구 대서문길 36지하 1층 (진관동),(장애인) 장애인보호작업장,20.0,28.0,195428.03425585476,561760.879692858
동대문구,아름드리주간보호센터,서울특별시 동대문구 한천로58길 1071층 (이문동),(장애인) 장애인주간보호시설,10.0,10.0,205535.4527028368,551909.2678058766
강서구,로뎀하우스,서울특별시 강서구 공항대로45가길 29102동 201호 (등촌동),(장애인) 장애인단기거주시설,10.0,11.0,187095.81267946848,550788.6082819047
송파구,구립송파구장애인보호작업장,서울특별시 송파구 양산로 53층,(장애인) 장애인보호작업장,20.0,20.0,212688.4209409699,543525.6870037414
서초구,바우뫼주간보호센터,서울특별시 서초구 바우뫼로 43 1층 ,(장애인) 장애인주간보호시설,10.0,10.0,202378.18668458206,541369.785870427
양천구,맑은샘장애인주간보호시설 ,서울특별시 양천구 신월로 192201호 (신월동),(장애인) 장애인주간보호시설,12.0,12.0,186261.4926975908,546544.2168325118
서대문구,다솜센터(시립서대문장애인단기보호센터),서울특별시 서대문구 증가로4길 58-16(홍은동),(장애인) 장애인단기거주시설,10.0,10.0,193685.12573525755,553094.1377318125
금천구,보라매보호작업장,서울특별시 금천구 가산디지털2로 136승일벤처타워302,(장애인) 장애인보호작업장,0.0,34.0,189327.97195387405,542286.8178479918
중랑구,시립중랑장애인단기거주시설 행복누리,서울특별시 중랑구 겸재로61길 81(망우동),(장애인) 장애인단기거주시설,10.0,11.0,208338.50257504746,554916.0628438548
양천구,드림장애인보호작업장,서울특별시 양천구 지양로 7 (신월동),(장애인) 장애인보호작업장,40.0,21.0,185655.81438623441,546450.0673295396
관악구,갑을충의장애인공동생활가정,서울특별시 관악구 난우16길 13-3 (신림동),(장애인) 장애인공동생활가정,4.0,4.0,192719.98477382807,542018.2478331035
영등포구,행복한나무,"서울특별시 영등포구 양산로 96 양산로 96, 산경물산 A30호(당산동2가)",(장애인) 장애인보호작업장,20.0,20.0,190592.38879985968,547151.6966954564
관악구,갑을장애인직업휴먼센터,서울특별시 관악구 난우16길 13-7 (신림동),(장애인) 장애인보호작업장,26.0,30.0,192736.59926590667,542032.0733732546
마포구,우리마포보호작업장,서울특별시 마포구 신촌로26길 10우리마포보호작업장,(장애인) 장애인보호작업장,19.0,20.0,194891.74029240635,550704.4274232584
송파구,송파위더스,서울특별시 송파구 성내천로 333-4333-4 (마천동),(장애인) 장애인보호작업장,30.0,18.0,213909.30570074613,543554.7292851439
송파구,렘넌트주간보호센터,서울특별시 송파구 동남로 303-83층 (오금동),(장애인) 장애인주간보호시설,10.0,11.0,212169.3379552538,544788.3026494768
마포구,우리마포장애인주간이용센터,서울특별시 마포구 신촌로26길 103층,(장애인) 장애인주간보호시설,12.0,12.0,194923.9933516377,550692.9314752426
양천구,해누리하우스,서울특별시 양천구 곰달래로3길 24-12201호 (신월동),(장애인) 장애인공동생활가정,4.0,3.0,185262.30019683216,548053.3661297101
송파구,사랑나눔송파,서울특별시 송파구 성내천로42길 11301호 (마천동),(장애인) 장애인공동생활가정,4.0,4.0,213536.88442018247,544092.9144100121
도봉구,유일장애인공동생활가정,"서울특별시 도봉구 도봉로133길 14A동 301호 (쌍문동, 성원하이츠아파트)",(장애인) 장애인공동생활가정,4.0,4.0,203430.54184395119,561991.3535491056
강북구,효정,서울특별시 강북구 삼양로77길 38(수유동),(장애인) 장애인근로사업장,30.0,39.0,201427.13730863325,558875.150178559
강동구,한다솜장애인공동생활가정,서울특별시 강동구 아리수로74길 31-0201호,(장애인) 장애인공동생활가정,4.0,4.0,214219.5685000524,551326.7755161502
강서구,다사랑(대한정신보건가족협회),서울특별시 강서구 개화동로7길 3-16,(장애인) 장애인보호작업장,30.0,29.0,182262.97025188274,553479.9499625026
강북구,프란치스코의집 단기거주시설,서울특별시 강북구 노해로23길 88-18 (수유동),(장애인) 장애인단기거주시설,12.0,10.0,201719.89842298353,560847.2144148231
광진구,광진구수어통역센터,서울특별시 광진구 아차산로 4173층 (구의동)(구의동),(장애인) 수화통역센터,23.0,46.0,208204.9092315874,549436.095161523
강서구,초록등대장애인보호작업장,"서울특별시 강서구 송정로1길 19베이스빌딩, 2층 (공항동)",(장애인) 장애인보호작업장,36.0,29.0,183320.30209225745,550778.0070563842
강동구,강동구수어통역센터,서울특별시 강동구 성내로 526층 (성내동),(장애인) 수화통역센터,0.0,6038.0,211074.4361451299,547688.7773034826
강서구,강서나누리센터,서울특별시 강서구 공항대로7가길 21-3,(장애인) 장애인보호작업장,20.0,30.0,183566.45738601906,551485.3470837328
서대문구,구립서대문장애인공동생활가정,서울특별시 서대문구 연희로41나길 5-6202호 (홍은동),(장애인) 장애인공동생활가정,4.0,4.0,194133.59361131917,554736.3527132218
관악구,갑을장애인주간보호센터,서울특별시 관악구 난우16길 13-72층 (신림동),(장애인) 장애인주간보호시설,15.0,11.0,192702.95370462435,542003.5126000338
광진구,군자작은예수의집,서울특별시 광진구 자양로35길 7-7군자작은예수의집 (구의동),(장애인) 장애인단기거주시설,10.0,10.0,207653.743093077,549695.5364352542
종로구,종로장애인복지관,서울특별시 종로구 자하문로 89,(장애인) 장애인복지관,0.0,1345.0,197334.21846062774,553837.4960558093
관악구,꿈터장애인주간보호센터,서울특별시 관악구 쑥고개로13길24 (봉천동),(장애인) 장애인주간보호시설,15.0,12.0,195055.02363044015,542354.3555415602
송파구,함재보호작업장,"서울특별시 송파구 송파대로 4121,2,4층 (송파동)",(장애인) 장애인보호작업장,25.0,17.0,210039.75290035305,545077.0135300866
강동구,센터봄,"서울특별시 강동구 천호대로1210, 4층 (둔촌동)",(장애인) 장애인단기거주시설,10.0,10.0,212881.74635154926,548387.4756663828
노원구,동천하우스6,서울특별시 노원구 한글비석로50길 12301호,(장애인) 장애인공동생활가정,4.0,4.0,205892.64095925336,562821.1043821862
구로구,사회복지법인 에덴복지재단 형원,경기도 파주시 소라지로195번길47-20 (신촌동),(장애인) 장애인근로사업장,50.0,38.0,172885.70034142217,570985.1657212377
종로구,덕유린장애인단기보호센터,서울특별시 종로구 지봉로12가길 49101호 (숭인동)(숭인동),(장애인) 장애인단기거주시설,10.0,10.0,201485.64507071325,552907.6384448316
강서구,성산푸른초장단기보호시설,서울특별시 강서구 양천로30길 142층,(장애인) 장애인단기거주시설,10.0,12.0,184366.64320427625,552245.98439654
강서구,성산푸른초장주간보호시설,서울특별시 강서구 양천로30길 143층,(장애인) 장애인주간보호시설,15.0,16.0,184366.64320427625,552245.98439654
은평구,보라향그룹홈,서울특별시 은평구 갈현로15길 11-13301호 (구산동),(장애인) 장애인공동생활가정,4.0,4.0,192009.76986472882,556440.2770229676
강서구,열린마음,"서울특별시 강서구 초록마을로34길61, 201호 (화곡동)",(장애인) 장애인공동생활가정,4.0,4.0,186299.26567541723,548779.6521780629
구로구,늘푸름보호작업장,서울특별시 구로구 부일로1나길38(온수동),(장애인) 장애인보호작업장,40.0,37.0,183795.097402504,543736.4611452676
양천구,희망일굼터,"서울특별시 양천구 신정로267 (신정동, 양천벤처타운 제804호, B205호))",(장애인) 장애인보호작업장,40.0,34.0,186793.33010635118,545874.6433075848
강서구,강서뇌성마비 주간보호,서울특별시 강서구 방화대로45길 692층,(장애인) 장애인주간보호시설,12.0,12.0,183566.10331616004,552792.6418377574
노원구,내일을꿈꾸는사람들2호,"서울특별시 노원구 동일로237다길 37201호 (상계동, 풀래음파크빌)",(장애인) 장애인공동생활가정,3.0,4.0,204648.35398801308,563932.7007639506
도봉구,중증장애인다수고용사업장굿윌스토어밀알도봉점,서울특별시 도봉구 마들로 664-17,(장애인) 장애인근로사업장,100.0,45.0,204182.97029786682,563329.7304303336
마포구,우리마포재활치료센터,서울특별시 마포구 신촌로26길10 (노고산동),(장애인) 장애인재활치료시설,50.0,,194891.74029240635,550704.4274232584
중구,서울특별시중구장애인복지관,서울특별시 중구 퇴계로 460중구종합복지센터 4층,(장애인) 장애인복지관,0.0,190.0,202023.0938177442,551734.7159376122
금천구,금천구립장애인보호작업장,"서울특별시 금천구 한내로 69-15금천한내복지관내 (독산동, 주공13단지아파트)",(장애인) 장애인보호작업장,32.0,32.0,189997.55445534884,539747.8883185439
강북구,너나울공동생활가정,"서울특별시 강북구 인수봉로60가길 24-7201호 (수유동, 다우빌라)",(장애인) 장애인공동생활가정,4.0,4.0,201323.74857665427,559673.0146793012
강북구,참사랑너나울주간보호센터,서울특별시 강북구 한천로143길 391층 (수유동) ,(장애인) 장애인주간보호시설,15.0,12.0,202092.2266184587,560133.4361963766
동대문구,동문엔터프라이즈,"서울특별시 동대문구 한천로 58-22층, 3층 (장안동)",(장애인) 장애인보호작업장,30.0,25.0,206186.1812687562,552298.5417596299
강서구,강서구희망센터,"서울특별시 강서구 화곡로31길 25지층(화곡동), 서울특별시 강서구 강서로 34길 36 (화곡동)",(장애인) 장애인보호작업장,34.0,38.0,185992.41876574527,549325.6375525965
강서구,늘푸른집,서울특별시 강서구 금낭화로26가길 1301층 ,(장애인) 장애인단기거주시설,10.0,10.0,183383.32966162256,552019.1018095588
강남구,하상점자도서관,서울특별시 강남구 개포로 613,(장애인) 장애인복지관,30.0,30.0,206636.03868861997,543674.3661908386
강남구,광림주간보호센터,서울특별시 강남구 압구정로22길 21웨슬리관 2층,(장애인) 장애인주간보호시설,12.0,10.0,202367.6300298289,547195.1803202523
은평구,빛나눔보호작업장,서울특별시 은평구 수색로 390-29 (수색동),(장애인) 장애인보호작업장,23.0,31.0,189863.33928883687,554615.7647395222
중구,남산골주간보호센터,서울특별시 중구 퇴계로20길 41-11남산쉼터 2층 (남산동2가),(장애인) 장애인주간보호시설,15.0,13.0,198833.22248413623,551027.3456887634
서대문구,영광시각장애인모바일점자도서관,서울특별시 서대문구 세검정로 78-19올해피복지센터 2층 (홍제동),(장애인) 점자도서관,,30.0,195499.23141334546,555072.6279251041
강북구,강북장애인종합복지관주간보호시설,서울특별시 강북구 오현로 189강북장애인종합복지관(2층),(장애인) 장애인주간보호시설,10.0,12.0,203449.09886797532,558791.5486644526
강남구,밀알그린보호작업장,서울특별시 강남구 밤고개로1길 341층 101호 (수서동),(장애인) 장애인보호작업장,25.0,21.0,209168.2077280555,543248.6595002919
강남구,강남 행복의집,"서울특별시 강남구 논현로117길 12-4401호 (논현동, 현대로얄빌라)",(장애인) 장애인공동생활가정,4.0,4.0,202079.55978244284,546357.0149923369
강동구,강동행복의집,"서울특별시 강동구 양재대로135길5-1, 301호 (천호동)",(장애인) 장애인공동생활가정,4.0,4.0,212647.2615182515,549886.0440870669
도봉구,도봉단기보호시설,서울특별시 도봉구 마들로 7091층 (도봉동),(장애인) 장애인단기거주시설,10.0,11.0,204337.89907899214,563049.9816065643
도봉구,그린도봉주간보호센터,"서울특별시 도봉구 도봉로 575608(쌍문동,삼환프라자) ",(장애인) 장애인주간보호시설,12.0,11.0,203415.8971561549,561855.7176861579
도봉구,함께하네,서울특별시 도봉구 방학동 686-1251 (방학동),(장애인) 장애인공동생활가정,4.0,4.0,203471.62894494814,562825.7165901901
강동구,해피죤아동발달지원센터,"서울특별시 강동구 상암로195, 501호 (명일동, 에이플러스빌딩)",(장애인) 장애인재활치료시설,0.0,48.0,212741.71308313435,549693.8124145465
강남구,소망그룹홈4,서울특별시 강남구 언주로159길 21102호 (신사동),(장애인) 장애인공동생활가정,4.0,4.0,202784.87314605,547218.2951060652
강남구,소망그룹홈3,서울특별시 강남구 언주로159길 21101호 (신사동),(장애인) 장애인공동생활가정,4.0,4.0,202784.87314605,547218.2951060652
강남구,소망그룹홈2,서울특별시 강남구 언주로157길 22가동 2층 2호 (신사동),(장애인) 장애인공동생활가정,4.0,4.0,202745.88606896158,547177.3832425555
마포구,루치아 공동생활가정,"서울특별시 마포구 마포대로4라길41, 201호 (마포동, 마포더힐)",(장애인) 장애인공동생활가정,4.0,4.0,195226.04164988938,548569.5749668529
양천구,맑은샘장애인단기거주시설,"서울특별시 양천구 신월로192, 202호 (신월동)",(장애인) 장애인단기거주시설,10.0,10.0,186233.96971556154,546686.7595840219
강서구,여호와닛시의집,서울특별시 강서구 방화동로5길38-7 (방화동),(장애인) 장애인공동생활가정,4.0,3.0,183270.359797789,551728.9373458066
송파구,서울곰두리체육센터,서울특별시 송파구 동남로 271,(장애인) 장애인체육시설,3000.0,3000.0,211688.48922897005,544735.7378695069
강서구,H2빌,서울특별시 강서구 금낭화로26가길 130-0,(장애인) 중증장애인거주시설,30.0,30.0,183342.08387811424,553882.3690919705
동작구,서울시각장애인생활이동지원센터,"서울특별시 동작구 상도로 216-0상도동, 인경빌딩3,4,6층",(장애인) 장애인생활이동지원센터,3448.0,1019.0,194926.03840741346,545065.8777950954
성동구,공감보호작업장,"서울특별시 성동구 아차산로144, B101호, B103호(성수동2가, 우영테크노센터)",(장애인) 장애인보호작업장,20.0,20.0,205266.86916342753,549290.3392172072
성북구,행복플러스보호작업장,서울특별시 성북구 화랑로134 (하월곡동2-2),(장애인) 장애인보호작업장,35.0,38.0,202752.9927698433,556610.5482345693
성북구,행복플러스 단기보호시설,서울특별시 성북구 화랑로134 (하월곡동),(장애인) 장애인단기거주시설,15.0,15.0,202752.9927698433,556610.5482345693
송파구,비움,서울특별시 송파구 삼전로3길3-25 (잠실동),(장애인) 장애인공동생활가정,4.0,3.0,207440.30239742002,544696.3383735693
서대문구,장애인내일키움직업교육센터,서울특별시 서대문구 연희로33가길6-15 (연희동),(장애인) 장애인보호작업장,30.0,30.0,194206.66935034862,553120.7829965999
영등포구,오뚜기직업재활센터,"서울특별시 영등포구 영신로40길16, 2층 (영등포동6가)",(장애인) 장애인보호작업장,65.0,59.0,191427.8689615247,546851.6041156186
구로구,하늘아래주간보호시설,"서울특별시 구로구 경인로23길8 (오류동, 대서프라자 301-1호 오류동)",(장애인) 장애인주간보호시설,10.0,10.0,186212.9010130427,544156.2771443137
중구,하늘마음,서울특별시 중구 동호로11나길 35202호 (신당동),(장애인) 장애인공동생활가정,4.0,4.0,200536.41021102038,550337.2015255906
구로구,오뚜기하우스,"서울특별시 구로구 부일로871-16 871-16, 101동 202호, 302호",(장애인) 장애인공동생활가정,6.0,6.0,184382.565899537,543764.8054520146
강서구,교남발달지원센터,"서울특별시 강서구 까치산로22길 38, 3층 (화곡동)",(장애인) 장애인재활치료시설,,36.0,186965.35398690053,549855.9878650167
도봉구,동천하우스7,"서울특별시 도봉구 시루봉로17길47, 202호 (방학동)",(장애인) 장애인공동생활가정,4.0,3.0,202845.8315690294,563277.2632829718
도봉구,동천하우스8,"서울특별시 도봉구 시루봉로17길47, 502호 (방학동)",(장애인) 장애인공동생활가정,4.0,3.0,202845.8315690294,563277.2632829718
강동구,소망드림복지센터,서울특별시 강동구 양재대로116길 202층 (길동),(장애인) 장애인보호작업장,0.0,20.0,212667.72517682484,548745.6826068214
강남구,서울영동주간보호센터,"서울특별시 강남구 논현로132길20 (논현동, 서울영동교회 교육관2층)",(장애인) 장애인주간보호시설,12.0,12.0,202851.13362716947,546165.7905082052
관악구,꿈터2장애인주간보호센터,서울특별시 관악구 쑥고개로13길22 (봉천동),(장애인) 장애인주간보호시설,13.0,10.0,195053.89418717803,542344.0011509195
강남구,예수와주간보호센터,"서울특별시 강남구 압구정로22길21, 1층 (신사동, 웨슬리관 )",(장애인) 장애인주간보호시설,12.0,11.0,202367.6300298289,547195.1803202523
강서구,행복을파는장사꾼,서울특별시 강서구 까치산로 134 (화곡동),(장애인) 장애인보호작업장,30.0,31.0,186869.9518902819,549985.2397150843
강남구,성모자애단기거주시설미리암의집,서울특별시 강남구 헌릉로757길 35 (율현동),(장애인) 장애인단기거주시설,15.0,15.0,210568.9483171037,541186.0524238386
광진구,희망하우스,서울특별시 광진구 능동로34길 102-52층 (능동),(장애인) 장애인주간보호시설,10.0,10.0,207471.20925756067,550437.7918991824
강북구,참사랑 너나울 주간보호센터 2호,"서울특별시 강북구 한천로143길 39, 2층 (수유동)",(장애인) 장애인주간보호시설,15.0,12.0,202041.68125869217,560095.0322430504
광진구,(주)의학신문사부설 아이맘인지발달연구소,서울특별시 광진구 동일로 357 (중곡동),(장애인) 장애인재활치료시설,,80.0,207848.2072435225,551560.4307572294
강북구,예수성심우리엄마네,서울특별시 강북구 삼양로123길 14-19 (수유동),(장애인) 장애인공동생활가정,4.0,4.0,201255.37133484954,560656.7057401595
서초구,다니엘의집5호,"서울특별시 서초구 동산로12길 20203호 (양재동, 동은빌라)",(장애인) 장애인공동생활가정,4.0,4.0,204093.2355364817,541258.5997614246
강남구,논현제3공동생활가정,서울특별시 강남구 학동로18길 23-1302호 (논현동),(장애인) 장애인공동생활가정,4.0,4.0,202455.64263514636,545772.0035004143
서대문구,최종병기공동생활가정,서울특별시 서대문구 연희로41가길 103-13201호(홍은동),(장애인) 장애인공동생활가정,4.0,3.0,194145.4788828299,554920.985389888
송파구,위투게더,서울특별시 송파구 성내천로 239 (마천동),(장애인) 장애인단기거주시설,10.0,10.0,213650.20350858962,544419.0361627083
동대문구,꿈드래장애인일자리센터,서울특별시 동대문구 장한로28가길 70 (장안동),(장애인) 장애인보호작업장,30.0,13.0,206446.1397390453,552956.5462250571
마포구,푸르메재단넥슨어린이재활병원,서울특별시 마포구 월드컵북로 494푸르메재단넥슨어린이재활병원 (상암동),(장애인) 장애인재활치료시설,,1488.0,189448.62785893033,553910.6697300475
마포구,푸르메스포츠센터,서울특별시 마포구 월드컵북로 494푸르메스포츠센터 (상암동),(장애인) 장애인체육시설,,5203.0,189448.62785893033,553910.6697300475
마포구,마포푸르메직업재활센터,서울특별시 마포구 월드컵북로 494-0 (상암동)494-0(상암동) 49,(장애인) 장애인보호작업장,20.0,35.0,189450.61964117235,553907.2265422475
강남구,래그랜느보호작업장,서울특별시 강남구 양재대로55길13 (일원동) 지하1층,(장애인) 장애인보호작업장,10.0,11.0,207739.0826444901,543586.695424098
강서구,휴샘아동가족발달센터,"서울특별시 강서구 마곡중앙5로 81, 908호 (마곡동)",(장애인) 장애인재활치료시설,100.0,35.0,183971.7954063512,551969.154159166
동대문구,구립동대문장애인종합복지관,서울특별시 동대문구 청계천로 5210 (용두동)0 (용두동),(장애인) 장애인복지관,,,202711.19961015397,552456.2253452654
강남구,소망그룹홈1,서울특별시 강남구 언주로157길 22영빈빌라 가동 (신사동) 1호,(장애인) 장애인공동생활가정,4.0,4.0,202745.88606896158,547177.3832425555
광진구,sim 발달지원센터,"서울특별시 광진구 천호대로136길 50 (구의동, 서진드림빌)",(장애인) 장애인재활치료시설,,50.0,207946.71952149548,549795.0348187397
구로구,하이드림,"서울특별시 구로구 고척로21다길34-7, 501호 (개봉동, 리움하우스)",(장애인) 장애인공동생활가정,4.0,4.0,186142.52214387362,544901.1087446761
송파구,행복단기보호시설,"서울특별시 송파구 성내천로 271, 2층 (마천동)",(장애인) 장애인단기거주시설,10.0,10.0,213660.1622060007,544105.413213296
송파구,행복 보호작업장,"서울특별시 송파구 성내천로 271217, 1층 (마천동)",(장애인) 장애인보호작업장,20.0,18.0,213506.75811629684,544347.8700786401
금천구,SG블루웰,"서울특별시 금천구 두산로 70-0 (독산동)70, B동 4층 436호 (독산동, 현대지식산업센터)",(장애인) 장애인보호작업장,0.0,31.0,190764.75394305156,541069.5295236749
금천구,소울터보호작업장,"서울특별시 금천구 범안로1138, 603호 (가산동, 고려테크온)",(장애인) 장애인보호작업장,0.0,19.0,190125.20468027468,540708.3799513254
강서구,교남공동생활가정2호,"서울특별시 강서구 초록마을로19길 12, 301호 (화곡동)",(장애인) 장애인공동생활가정,4.0,4.0,186908.2320605102,549014.4982222706
송파구,하사랑주간보호,"서울특별시 송파구 올림픽로35길 1241동 501호 (장미A상가,신천동)",(장애인) 장애인주간보호시설,10.0,10.0,209014.87422626067,546536.1017208387
서초구,한우리보호작업장,서울특별시 서초구 남부순환로340길 15 (서초동),(장애인) 장애인보호작업장,20.0,20.0,202199.68211771295,542522.4326913542
서대문구,늘품 장애인 보호작업장,"서울특별시 서대문구 홍은중앙로 105-0 (홍은동)105, 2층 (홍은동)",(장애인) 장애인보호작업장,18.0,18.0,195451.97749909578,555592.3371224625
송파구,행복한사랑,"서울특별시 송파구 오금로 548, 1층 (거여동)",(장애인) 장애인주간보호시설,10.0,10.0,213239.42927688817,543699.6296728989
송파구,다산하늘센터,경기도 여주시 강천면 섬강로229-1(강천리 91-2),(장애인) 중증장애인거주시설,30.0,30.0,265652.4590235908,516197.69588405953
강남구,강남세움단기보호센터,"서울특별시 강남구 광평로60길 222층 (수서동, 강남구직업재활센터)",(장애인) 장애인단기거주시설,10.0,10.0,209444.69321204082,543070.5014508014
관악구,관악구장애인종합복지관,서울특별시 관악구 남부순환로 1914 (봉천동),(장애인) 장애인복지관,,260.0,196625.23594297716,542000.4116698985
강북구,"효정1호,효정2호 공동생활가정",서울특별시 강북구 삼양로69길 423층 (수유동),(장애인) 장애인공동생활가정,8.0,6.0,201460.875612548,558721.9129003431
광진구,동그라미 움직임 발달센터,"서울특별시 광진구 자양로 135, 201호 (자양동)",(장애인) 장애인재활치료시설,0.0,17.0,207327.997438864,548927.9496196928
성동구,성동재활의원,"서울특별시 성동구 뚝섬로1길 43, 1층 (성수동1가, 성수문화복지회관)",(장애인) 장애인의료재활시설,30.0,30.0,204149.25000002587,549546.250000736
서초구,다니엘치료센터,서울특별시 서초구 헌릉로468길 21-16다니엘학교 지하1층 ,(장애인) 장애인재활치료시설,,60.0,208155.75315941143,540110.0676384625
도봉구,도봉장애인종합복지관,"서울특별시 도봉구 마들로664-23 (도봉동, 도봉장애인종합복지관)",(장애인) 장애인복지관,,,204198.9074681769,563287.6398960685
강서구,행복이가득한집 2호,"서울특별시 강서구 월정로18길 20, 401호 (화곡동)",(장애인) 장애인공동생활가정,3.0,3.0,185848.19714048004,547756.2208507077
강서구,참행복한세상,"서울특별시 강서구 양천로 424210호, B313호, B301호 (등촌동, 가양역 데시앙플렉스)",(장애인) 장애인보호작업장,20.0,18.0,187273.0696619823,550898.1356573058
노원구,베데스다직업적응훈련시설,서울특별시 노원구 공릉로58마길 27 (하계동),(장애인) 장애인직업적응훈련시설,20.0,21.0,206853.84844557883,559648.3971514218
강북구,참사랑공동생활가정,서울특별시 강북구 한천로144길 27 (수유동),(장애인) 장애인공동생활가정,4.0,4.0,202309.7409972871,560292.5200786656
노원구,하계장애인주간활동센터,"서울특별시 노원구 노원로16길 15 (하계동, 중계9단지주공영구임대아파트)",(장애인) 장애인주간보호시설,16.0,10.0,206710.33945757075,560290.8881432108
송파구,송파구장애인직업재활지원센터,"서울특별시 송파구 양산로 5, 3층 (거여동)",(장애인) 장애인직업적응훈련시설,20.0,20.0,212628.75537761964,543395.8744370412
중구,구립중림장애인주간보호센터,서울특별시 중구 서소문로6길 16 (중림동),(장애인) 장애인주간보호시설,12.0,12.0,197012.98168749732,551103.5281272905
동작구,사랑단기보호센터,"서울특별시 동작구 남부순환로255길 8-0 (사당동, 장미빌라)8, 201호 (사당동, 장미빌라 201호)",(장애인) 장애인단기거주시설,15.0,12.0,197454.64519119982,541894.8683048949
동대문구,더원직업훈련센터,서울특별시 동대문구 장한로 25602호 (장안동),(장애인) 장애인직업적응훈련시설,20.0,20.0,206155.16920320486,552398.9743539596
송파구,행복주간보호센터,"서울특별시 송파구 마천로 89, 4층 (오금동)",(장애인) 장애인주간보호시설,10.0,10.0,211522.7882165875,545288.1796873921
송파구,해피하우스,서울특별시 송파구 오금로 548 (거여동),(장애인) 장애인단기거주시설,10.0,8.0,213106.37708226318,543600.1965194525
강동구,동안우리주간보호센터,"서울특별시 강동구 풍성로 146, 4층 (성내동)",(장애인) 장애인주간보호시설,10.0,10.0,211326.13212383474,547948.2508767567
강북구,헬렌켈러의집 2호,"서울특별시 강북구 삼양로91가길 8-0 (수유동, JS홈타운)8, 2동 201호 (수유동, JS홈타운)",(장애인) 장애인공동생활가정,4.0,4.0,201397.30184130045,559656.1341434178
강동구,라파아동발달센터,서울특별시 강동구 길동  302호,(장애인) 장애인재활치료시설,0.0,36.0,212897.04649112863,548910.9747638305
강동구,아이사랑아동청소년발달센터,"서울특별시 강동구 아리수로93길 33, 베스트프라자동 302호 (강일동)",(장애인) 장애인재활치료시설,0.0,10.0,215332.28755480386,551831.3013893868
강동구,홀트강동복지관,서울특별시 강동구 아리수로93길 41 (강일동),(장애인) 장애인복지관,150.0,150.0,215307.17023801658,551869.6127700905
강동구,직업재능개발센터,"서울특별시 강동구 올림픽로588, 3층 (성내동)",(장애인) 장애인직업적응훈련시설,20.0,25.0,211401.53742461058,547896.3117280881
서초구,성민드림주간보호센터,서울특별시 서초구 효령로26길 9-9 (방배동),(장애인) 장애인주간보호시설,12.0,10.0,199607.2085248475,542322.3976136133
금천구,한결엠보호작업장,"서울특별시 금천구 가산디지털1로 131, B206호 (가산동, BYC하이시티지식산업센터)",(장애인) 장애인보호작업장,10.0,10.0,189602.89488914557,541950.6682437604
송파구,우리그룹홈,"서울특별시 송파구 거마로3길 5, 가동 102호 (거여동, 대진아트빌라)",(장애인) 장애인공동생활가정,4.0,4.0,212716.78374966956,543854.8074688273
구로구,블루나래,"서울특별시 구로구 디지털로 272, 12층 17호 (구로동, 한신아이티타워)",(장애인) 장애인보호작업장,10.0,13.0,190664.75366596074,542566.7414930156
서대문구,영광시각장애인주간보호센터,서울특별시 서대문구 세무서10길 54 (홍제동),(장애인) 장애인주간보호시설,15.0,14.0,195406.15940343135,554596.3148680681
송파구,두손장애인보호작업장,"서울특별시 송파구 동남로6길 34-1, 1층 (문정동)",(장애인) 장애인보호작업장,13.0,,211070.33126232837,543106.3218833528
구로구,모두누리 직업재활센터,서울특별시 구로구 디지털로27길 24506호(벽산디지털밸리 1차) (구로동),(장애인) 장애인보호작업장,20.0,24.0,190242.66096112953,542800.1314280668
금천구,기쁨나무,서울특별시 금천구 시흥대로80길 19 (독산동),(장애인) 장애인보호작업장,20.0,17.0,191220.0152410707,539969.4383201596
강동구,홀트주간보호센터,서울특별시 강동구 아리수로93길 41 (강일동),(장애인) 장애인주간보호시설,10.0,10.0,215307.17023801658,551869.6127700905
강서구,주은공동생활가정,"서울특별시 강서구 강서로5라길 138, 2층 (화곡동)",(장애인) 장애인공동생활가정,4.0,3.0,187275.8538351605,547851.5604319588
구로구,은하수,"서울특별시 구로구 고척로52마길 21-11, 1층 (개봉동)",(장애인) 장애인공동생활가정,4.0,4.0,187124.39075771,544563.439442559
서울특별시,서울특별시립장애인영농직업재활시설,경기도 남양주시 진접읍 양진로725,(장애인) 장애인보호작업장,20.0,15.0,215142.8125098115,565038.1078620594
관악구,왕성밀알주간보호센터,서울특별시 관악구 신림로58길 8 (신림동),(장애인) 장애인주간보호시설,10.0,10.0,193838.50791066067,542525.6867741212
강북구,행복한 사람들의 집,서울특별시 강북구 삼양로173가길 22 (우이동),(장애인) 장애인공동생활가정,10.0,7.0,200993.79474471844,562509.8803263821
강북구,이음주간교육센터,"서울특별시 강북구 한천로129길11, 1층 (번동)",(장애인) 장애인주간보호시설,12.0,8.0,202622.4771492981,559748.0201297024
강남구,강남세움보호작업장,"서울특별시 강남구 광평로60길22, 2층 (수서동)",(장애인) 장애인보호작업장,85.0,76.0,209454.40127401057,543072.9208860333
노원구,킨더윌언어심리전문센터,"서울특별시 노원구 상계로23다길 13-8, 1층 107-1,7,8호 (상계동, 노원아이파크)",(장애인) 장애인재활치료시설,150.0,,206102.43143114517,562240.5114555126
성동구,두빛나래보호작업장,"서울특별시 성동구 성수일로 10 (성수동1가, 서울숲ITCT지식산업센터 B201호)",(장애인) 장애인보호작업장,10.0,10.0,204313.8358203116,549088.8129660015
영등포구,꿈친장애인주간보호센터,"서울특별시 영등포구 은행로 55, 1층 (여의도동)",(장애인) 장애인주간보호시설,10.0,,193304.705051688,547886.2392902614
강남구,강남세움복지관,서울특별시 강남구 광평로60길 22 (수서동),(장애인) 장애인복지관,1000.0,,209454.40127401057,543072.9208860333
양천구,해피드림,"서울특별시 양천구 월정로 22, 401호 (신월동)",(장애인) 장애인공동생활가정,4.0,4.0,186166.57741040122,546945.4064878824
노원구,선한이웃 재활운동발달센터,"서울특별시 노원구 공릉로58길 112, 3층 1호 (하계동, 순흥아트빌)",(장애인) 장애인재활치료시설,80.0,,206593.03591634615,559570.8699886493
양천구,양천희망돌봄센터,"서울특별시 양천구 가로공원로 101 (신월동, 신월누리복지센터)",(장애인) 장애인주간보호시설,10.0,10.0,184730.74999990713,548505.2500007509
금천구,주사랑 장애인단기보호센터,"서울특별시 금천구 독산로 165-1, 1층, 3층 (시흥동)",(장애인) 장애인단기거주시설,10.0,10.0,191529.45858777623,540297.7267720932
강남구,강남세움근로사업장 굿윌스토어,"서울특별시 강남구 광평로60길 22, 1층, 3층층 (수서동, 강남세움장애인통합지원센터)",(장애인) 장애인근로사업장,40.0,,209459.56671288455,543064.7026172053
강남구,강남세움 직업훈련센터,"서울특별시 강남구 광평로60길 22, 3층 (수서동, 강남세움장애인통합지원센터)",(장애인) 장애인직업적응훈련시설,30.0,,209454.40127401057,543072.9208860333
동작구,사랑손직업적응훈련시설,"서울특별시 동작구 사당로 90, 상가동 (사당동, 1~2층)",(장애인) 장애인직업적응훈련시설,35.0,,196663.79950338477,543585.9975312469
금천구,기쁨이꽃피는나무,"서울특별시 금천구 시흥대로80길 19-11, 2층 (독산동)",(장애인) 장애인공동생활가정,4.0,4.0,191238.04221797019,540007.7318674464
구로구,두리하나다울,"서울특별시 구로구 경인로53길 90, 5층 511호 (구로동, STX W-Tower)",(장애인) 장애인보호작업장,20.0,9.0,188960.4999818341,545027.2256486214
강남구,아해하제공동생활가정,"서울특별시 강남구 헌릉로569길 46-6, 1층 (세곡동)",(장애인) 장애인공동생활가정,4.0,,208558.2303663159,540920.6505904184
은평구,은평구립우리장애인복지관,서울특별시 은평구 녹번로1길 13 (녹번동)(녹번동),(장애인) 장애인복지관,300.0,,193513.84711940718,556134.2764657746
중구,누보,"서울특별시 중구 충무로29, 402호, 403호 (초동, 아시아미디어타워)",(장애인) 장애인보호작업장,20.0,,199339.04384084922,551587.4585349681
금천구,금천발달장애인주간보호센터,"서울특별시 금천구 시흥대로73길 30, 4층 (시흥동, 금천어울림복지센터)",(장애인) 장애인주간보호시설,15.0,,190940.87674389733,539729.9730721744
강서구,강서점자도서관,"서울특별시 강서구 공항대로 206, 801~803호 (마곡동)",(장애인) 점자도서관,,,185105.23582454276,550760.8183644188
중랑구,소담,"서울특별시 중랑구 상봉로 69, 5층 (면목동)",(장애인) 장애인보호작업장,15.0,,208228.99796503945,554732.1558025706
은평구,은평장애인주간보호센터,"서울특별시 은평구 진흥로 87, 2층 (역촌동, 한울빌딩)",(장애인) 장애인주간보호시설,15.0,,193090.5663769094,556137.7926934122
강서구,40플러스 금곡행복쉼터 주간보호센터,"서울특별시 강서구 방화대로45길 69, 6층 (방화동)",(장애인) 장애인주간보호시설,10.0,,183443.7192356667,552756.8691144062
금천구,(사)한국농아인협회 수어통역센터 중앙지원본부,"서울특별시 금천구 벚꽃로 234, 1103호 (가산동, ACE하이엔드타워 6차)",(장애인) 수화통역센터,,,189925.17877434567,541845.9778819502
강동구,꿈나래 아동발달센터,"서울특별시 강동구 아리수로 427, 503호 (강일동, 중앙프라자)",(장애인) 장애인재활치료시설,,,215427.8511946874,551723.2865446756
마포구,염리장애인주간보호센터,"서울특별시 마포구 대흥로24길50 (염리동, 2층)",(장애인) 장애인주간보호시설,12.0,,194510.20036515442,549282.081723402
강남구,알라딘,서울특별시 강남구 밤고개로24길 40-6 (율현동),(장애인) 장애인공동생활가정,,,209362.01132710613,541424.6285768714
은평구,스프링샤인,서울특별시 은평구 갈현로11길 30 (구산동),(장애인) 장애인보호작업장,20.0,12.0,192169.36239288645,556778.4864932913
은평구,축복의통로장애인주간보호시설,"서울특별시 은평구 은평로3길 10 (역촌동, 은평교회 1층)",(장애인) 장애인주간보호시설,15.0,,192507.36486107612,555577.049610455
성북구,성북피해장애인쉼터,서울특별시 성북구 화랑로 134,(장애인) 피해장애인쉼터,8.0,,204095.47913932163,556151.674531891
은평구,다은보호작업장,"서울특별시 은평구 통일로71길 8, 지하1층 (대조동)",(장애인) 장애인보호작업장,20.0,11.0,193472.14079941038,557152.9013916333
중랑구,새론앞길,서울특별시 중랑구 신내역로111 (신내동),(장애인) 장애인보호작업장,14.0,,209925.57766242218,557067.2048603853
성동구,함께주간보호센터,"서울특별시 성동구 왕십리로24나길20, 6,7층 (도선동, 창성빌딩)",(장애인) 장애인주간보호시설,15.0,,203122.9548074619,551591.9262996576
금천구,사람희망 금천장애인자립생활센터,서울특별시 금천구 독산로 70C동 603호(현대지식산업센터) (시흥동),(장애인) 중증장애인자립생활지원센터,0.0,38.0,191492.64214487033,539860.4776924548
영등포구,해오름장애인자립생활센터,서울특별시 영등포구 국회대로62길 14한국스카우트연맹 302호 (여의도동),(장애인) 중증장애인자립생활지원센터,11.0,11.0,192618.94685086756,547472.3363207518
영등포구,이음장애인자립생활센터,서울특별시 영등포구 선유로 1461213호 (양평동3가),(장애인) 중증장애인자립생활지원센터,,40.0,190369.56584527457,547732.2844456162
노원구,선한이웃재활운동발달센터,"서울특별시 노원구 공릉로58길 112301호 (하계동, 순흥빌라트)",(장애인) 장애인재활치료시설,0.0,80.0,206610.7623766043,559523.1252575143
서울특별시,시설테스트1호,"서울특별시 성동구 무학로 50 (하왕십리동, 벽산아파트)",(장애인) 장애인복지관,,,202797.37131140404,552129.8038270349
강동구,장애인자립생활주택(가형)-강동장애인자립생활센터,"서울특별시 강동구 올림픽로98가길 6-14101호 (암사동, 세종그랑빌3차)",(장애인) 중증장애인자립생활지원센터,2.0,2.0,211510.77349804132,550062.7720519892
강동구,장애인자립생활주택(다형) 해뜨는양지,"서울특별시 강동구 상암로81길 10-1 (상일동, 태건빌)",(장애인) 중증장애인자립생활지원센터,2.0,2.0,214848.4028086508,549648.0203388747
강동구,장애인자립생활주택(가형)-해뜨는양지,서울특별시 강동구 천중로9길 40101호 (천호동),(장애인) 중증장애인자립생활지원센터,2.0,0.0,211214.7778124671,549678.5588340241
마포구,염리종합사회복지관 내 주간보호센터,서울특별시 마포구 숭문길 14마포구 염리동 14-11일대(염리3구역 사회복지시설용지)(염리동),(장애인) 장애인주간보호시설,,,195198.53686692214,549731.6449631687
서울특별시,행복이가득한집2호,서울특별시 강서구 월정로18길 20401 (화곡동)(화곡동),(장애인) 장애인공동생활가정,,,185866.7930523495,547760.4622558324
마포구,공덕동행복주택 내 장애인주간보호센터,서울특별시 마포구 백범로31길 21행복주택 (공덕동)(공덕동),(장애인) 장애인주간보호시설,,,195528.45586707117,549630.7614758584
강동구,한아름,서울특별시 강동구 고덕로 295-45가동 3층 (고덕동)(고덕동),(장애인) 장애인단기거주시설,10.0,,214026.12202356063,550916.8098483314
은평구,민들레울,"서울특별시 은평구 갈현로11길 46101동 303호 (구산동, 경남 아너스빌)(구산동, 경남 아너스빌)",(장애인) 장애인공동생활가정,8.0,8.0,191646.36336018212,556207.7910106571
강동구,다가옴,서울특별시 강동구 고덕로 106201호 (암사동),(장애인) 장애인보호작업장,30.0,,213647.14409637422,550741.0829830231
서울특별시,테스트단기거주시설,봉천로1가길 1모던하우스101호,(장애인) 장애인단기거주시설,,,182582.5705786463,571767.4222180116
성동구,성동발달장애인평생교육센터,서울특별시 성동구 성수이로 1445층 (성수동2가)(성수동2가),(장애인) (기타)장애인복지시설,,,204947.94309957756,549215.6370170633
동작구,동작발달장애인평생교육센터,서울특별시 동작구 사당로 253-31층 (사당동)(사당동),(장애인) (기타)장애인복지시설,,,197846.54739131295,542687.7242362534
관악구,관악구발달장애인평생교육센터,서울특별시 관악구 신림로 1584~5층 (신림동),(장애인) (기타)장애인복지시설,,,193597.860266643,543040.4143552721
광진구,아이맘인지행동발달센터,서울특별시 광진구 동일로 357아이맘인지행동발달센터 (중곡동)(중곡동),(장애인) 장애인재활치료시설,,,206665.4764877188,551494.0360755875
은평구,누야하우스,서울특별시 은평구 갈현로11길 30(구산동),(장애인) 장애인보호작업장,40.0,53.0,192169.36239288645,556778.4864932913
강남구,서울시그룹홈지원센터,서울특별시 강남구 도곡로 416-0서울특별시립장애인행복플러스센터 2층,(장애인) (기타)장애인복지시설,100.0,100.0,204953.94660883606,544165.0452032064
영등포구,꿈더하기지원센터,서울특별시 영등포구 영등포로64길 15울림동 1층 (신길동),(장애인) (기타)장애인복지시설,0.0,40.0,192664.93074497476,546010.4899330436
은평구,은평발달장애인평생교육센터,"서울특별시 은평구 통일로934 (불광동, 1층)",(장애인) (기타)장애인복지시설,30.0,30.0,194238.85899595873,556745.5796917853
강남구,강남장애인가족지원센터,"서울특별시 강남구 밤고개로1길 10, 826호 (수서동, 수서현대벤처빌)",(장애인) 장애인자립지원센터,30.0,30.0,209007.44800674892,543178.961776354
강남구,Good Job 자립생활센터,서울특별시 강남구 테헤란로8길 36 (역삼동),(장애인) 장애인자립지원센터,,30.0,202816.04006160627,544115.1797508124
양천구,양천구발달장애인평생교육센터,"서울특별시 양천구 중앙로 181, 지하층101호 (신정동, 복합메디컬타운)",(장애인) (기타)장애인복지시설,30.0,,187251.10150082933,545929.3785751474
서대문구,서대문 발달장애인평생교육센터,서울특별시 서대문구 증가로4길63-17 (홍은동),(장애인) (기타)장애인복지시설,30.0,24.0,193667.9998610043,553201.1215843086
강남구,강남세움 발달장애인 평생교육센터,"서울특별시 강남구 광평로60길22, 4층 (수서동)",(장애인) (기타)장애인복지시설,36.0,,209454.40127401057,543072.9208860333
노원구,노원발달장애인평생교육센터,서울특별시 노원구 동일로250길 44-47 (상계동),(장애인) (기타)장애인복지시설,33.0,,205372.2864197003,564799.7862565023
서대문구,서대문장애인가족지원센터,"서울특별시 서대문구 세검정로 78-19, 1층 (홍제동)",(장애인) (기타)장애인복지시설,,,195499.23141334546,555072.6279251041
용산구,용산구장애인가족지원센터,서울특별시 용산구 백범로 329용산보건분소 4층 (원효로1가),(장애인) (기타)장애인복지시설,,,196980.2948161193,548806.5659749858
종로구,종로발달장애인평생교육센터,서울특별시 종로구 종로17길 8 (종로2가),(장애인) (기타)장애인복지시설,30.0,,198669.9600928582,552363.5024152758
영등포구,영등포구 발달장애인평생교육센터,"서울특별시 영등포구 문래북로 1055~7층, 어울림센터 (당산동1가)",(장애인) (기타)장애인복지시설,,,191028.5349185339,546915.6212332143
강남구,강남발달장애인평생교육센터,"서울특별시 강남구 논현로86길 21, 2층 (역삼동)",(장애인) (기타)장애인복지시설,24.0,,203464.24650948602,544540.571221397
도봉구,도봉발달장애인 평생교육센터,"서울특별시 도봉구 마들로 703, 4~6층 (도봉동)",(장애인) (기타)장애인복지시설,30.0,,204086.09521058522,563712.7539398248
용산구,용산구 발달장애인 평생교육센터,"서울특별시 용산구 백범로329, 4~5층 (원효로1가)",(장애인) (기타)장애인복지시설,30.0,,197123.0219082189,548941.9093542168
